"Time","Gold Fixing (Evening) International  - 
  - $/oz"
"20170124",1216.8000
"20170123",1212.8500
"20170120",1200.5500
"20170119",1196.0500
"20170118",1214.7500
"20170117",1216.0500
"20170116",1203.0000
"20170113",1190.3500
"20170112",1205.0500
"20170111",1178.5500
"20170110",1189.5000
"20170109",1178.5000
"20170106",1175.8500
"20170105",1176.7000
"20170104",1164.2500
"20170103",1151.0000
"20161229",1145.9000
"20161228",1134.6000
"20161222",1131.3500
"20161221",1133.6500
"20161220",1125.7000
"20161219",1136.2500
"20161216",1131.6000
"20161215",1126.9500
"20161214",1162.2500
"20161213",1158.5500
"20161212",1156.1000
"20161209",1163.6000
"20161208",1171.0500
"20161207",1177.6500
"20161206",1172.5000
"20161205",1162.2000
"20161202",1173.5000
"20161201",1161.8500
"20161130",1178.1000
"20161129",1186.5500
"20161128",1187.0000
"20161125",1187.7000
"20161124",1186.1000
"20161123",1185.3500
"20161122",1212.2500
"20161121",1214.2500
"20161118",1211.0000
"20161117",1226.7500
"20161116",1229.2000
"20161115",1226.9500
"20161114",1213.6000
"20161111",1236.4500
"20161110",1267.5000
"20161109",1281.4000
"20161108",1282.3500
"20161107",1283.0500
"20161104",1302.8000
"20161103",1301.0000
"20161102",1303.7500
"20161101",1288.4500
"20161031",1272.0000
"20161028",1273.0000
"20161027",1266.2500
"20161026",1270.5000
"20161025",1269.4000
"20161024",1265.5500
"20161021",1266.0500
"20161020",1271.6500
"20161019",1269.0500
"20161018",1258.2000
"20161017",1254.8000
"20161014",1251.7500
"20161013",1261.0500
"20161012",1256.5000
"20161011",1253.4500
"20161010",1259.5000
"20161007",1258.7500
"20161006",1254.5000
"20161005",1269.4000
"20161004",1283.3000
"20161003",1313.3000
"20160930",1322.5000
"20160929",1318.1000
"20160928",1322.5000
"20160927",1327.0000
"20160926",1340.5000
"20160923",1338.6500
"20160922",1339.1000
"20160921",1326.1000
"20160920",1313.8000
"20160919",1314.8500
"20160916",1308.3500
"20160915",1310.8000
"20160914",1321.7500
"20160913",1323.6500
"20160912",1324.6000
"20160909",1330.8500
"20160908",1343.4000
"20160907",1348.3500
"20160906",1337.2500
"20160905",1326.3500
"20160902",1324.7000
"20160901",1309.5000
"20160831",1309.2500
"20160830",1318.1500
"20160826",1318.7500
"20160825",1321.3000
"20160824",1327.2500
"20160823",1342.0000
"20160822",1335.9000
"20160819",1346.4000
"20160818",1350.0500
"20160817",1343.3500
"20160816",1344.0000
"20160815",1339.4000
"20160812",1352.2000
"20160811",1355.0000
"20160810",1347.7000
"20160809",1341.0000
"20160808",1336.8000
"20160805",1340.4000
"20160804",1362.7500
"20160803",1358.9000
"20160802",1363.7500
"20160801",1349.6500
"20160729",1342.0000
"20160728",1341.7500
"20160727",1329.0000
"20160726",1323.0000
"20160725",1313.1500
"20160722",1320.7500
"20160721",1321.1500
"20160720",1315.9000
"20160719",1330.9000
"20160718",1334.7000
"20160715",1327.0000
"20160714",1323.6000
"20160713",1342.7500
"20160712",1342.4000
"20160711",1357.1000
"20160708",1354.2500
"20160707",1356.7000
"20160706",1366.2500
"20160705",1350.7500
"20160704",1350.7500
"20160701",1340.0000
"20160630",1320.7500
"20160629",1321.5000
"20160628",1309.7000
"20160627",1324.5500
"20160624",1315.5000
"20160623",1262.1500
"20160622",1264.8500
"20160621",1272.6000
"20160620",1281.8000
"20160617",1290.7000
"20160616",1310.7500
"20160615",1283.3000
"20160614",1287.1500
"20160613",1280.8000
"20160610",1275.5000
"20160609",1263.9000
"20160608",1263.0000
"20160607",1241.0000
"20160606",1244.0000
"20160603",1240.5000
"20160602",1212.4000
"20160601",1214.5000
"20160531",1212.1000
"20160527",1216.2500
"20160526",1223.8500
"20160525",1220.6000
"20160524",1236.8500
"20160523",1245.9000
"20160520",1254.2000
"20160519",1246.2500
"20160518",1272.9000
"20160517",1277.0000
"20160516",1285.7500
"20160513",1265.9000
"20160512",1279.2500
"20160511",1276.8500
"20160510",1262.8000
"20160509",1265.2500
"20160506",1289.0000
"20160505",1280.2500
"20160504",1283.0000
"20160503",1294.0000
"20160429",1285.6500
"20160428",1256.0000
"20160427",1247.4000
"20160426",1241.7000
"20160425",1238.9000
"20160422",1243.2500
"20160421",1249.2500
"20160420",1252.0000
"20160419",1255.4000
"20160418",1234.3000
"20160415",1227.1000
"20160414",1233.8500
"20160413",1245.7500
"20160412",1254.6000
"20160411",1254.7500
"20160408",1239.5000
"20160407",1242.1000
"20160406",1221.4000
"20160405",1231.2500
"20160404",1219.7500
"20160401",1213.6000
"20160331",1237.0000
"20160330",1236.2500
"20160329",1226.0000
"20160324",1221.0000
"20160323",1217.6000
"20160322",1252.5000
"20160321",1244.9000
"20160318",1252.1000
"20160317",1266.5000
"20160316",1228.5000
"20160315",1232.0000
"20160314",1242.7500
"20160311",1264.7500
"20160310",1266.5000
"20160309",1246.4000
"20160308",1267.0000
"20160307",1267.9000
"20160304",1277.5000
"20160303",1250.2500
"20160302",1239.2000
"20160301",1236.5000
"20160229",1234.9000
"20160226",1226.5000
"20160225",1236.0000
"20160224",1250.7500
"20160223",1221.3500
"20160222",1211.0000
"20160219",1231.1500
"20160218",1210.1000
"20160217",1210.0000
"20160216",1209.5000
"20160215",1208.2000
"20160212",1239.7500
"20160211",1241.0000
"20160210",1190.0000
"20160209",1191.0000
"20160208",1193.2500
"20160205",1150.3500
"20160204",1156.3500
"20160203",1132.0000
"20160202",1128.5000
"20160201",1126.5000
"20160129",1111.8000
"20160128",1114.0000
"20160127",1116.2500
"20160126",1113.6000
"20160125",1106.6000
"20160122",1096.2500
"20160121",1096.5000
"20160120",1101.7500
"20160119",1086.2500
"20160118",1089.2000
"20160115",1093.7500
"20160114",1088.4000
"20160113",1088.1500
"20160112",1085.4000
"20160111",1100.7500
"20160108",1101.8500
"20160107",1106.3500
"20160106",1091.4000
"20160105",1077.0000
"20160104",1082.2500
"20151230",1060.0000
"20151229",1070.1000
"20151223",1068.2500
"20151222",1074.9000
"20151221",1078.7500
"20151218",1062.5000
"20151217",1049.4000
"20151216",1075.2500
"20151215",1061.5000
"20151214",1068.2500
"20151211",1072.5000
"20151210",1071.0000
"20151209",1081.0000
"20151208",1072.1000
"20151207",1075.8000
"20151204",1079.2500
"20151203",1055.4500
"20151202",1055.4000
"20151201",1065.4000
"20151130",1061.9000
"20151129",1057.4000
"20151128",1057.4000
"20151127",1057.4000
"20151126",1071.0000
"20151125",1068.0000
"20151124",1076.4000
"20151123",1070.5000
"20151120",1081.7500
"20151119",1082.6000
"20151118",1067.7500
"20151117",1079.2000
"20151116",1084.7500
"20151113",1081.5000
"20151112",1087.4000
"20151111",1085.9000
"20151110",1087.1000
"20151109",1089.6000
"20151106",1088.9000
"20151105",1106.3000
"20151104",1114.7000
"20151103",1123.1000
"20151102",1134.0000
"20151030",1142.3500
"20151029",1148.6000
"20151028",1179.6000
"20151027",1165.7000
"20151026",1166.4000
"20151023",1161.2500
"20151022",1167.0000
"20151021",1167.1000
"20151020",1177.7500
"20151019",1175.4000
"20151016",1180.8500
"20151015",1184.2500
"20151014",1173.9000
"20151013",1165.2000
"20151012",1164.9000
"20151009",1151.5500
"20151008",1140.0000
"20151007",1144.6000
"20151006",1147.5000
"20151005",1139.7500
"20151002",1140.7500
"20151001",1119.0000
"20150930",1114.0000
"20150929",1132.1000
"20150928",1131.0500
"20150925",1146.6500
"20150924",1154.5000
"20150923",1131.3500
"20150922",1122.9000
"20150921",1133.2500
"20150918",1141.5000
"20150917",1117.5000
"20150916",1117.6000
"20150915",1105.9500
"20150914",1104.8000
"20150911",1100.2500
"20150910",1109.5000
"20150909",1109.8500
"20150908",1121.1500
"20150907",1119.5000
"20150904",1118.2500
"20150903",1128.0000
"20150902",1137.7500
"20150901",1142.3000
"20150828",1135.0000
"20150827",1119.0000
"20150826",1120.7500
"20150825",1137.5000
"20150824",1166.5000
"20150821",1156.5000
"20150820",1147.7000
"20150819",1126.1500
"20150818",1111.4500
"20150817",1118.8000
"20150814",1118.2500
"20150813",1116.7500
"20150812",1119.0000
"20150811",1108.2500
"20150810",1097.0000
"20150807",1093.5000
"20150806",1089.7500
"20150805",1085.1000
"20150804",1090.6500
"20150803",1091.9000
"20150731",1098.4000
"20150730",1087.5000
"20150729",1090.2500
"20150728",1096.2000
"20150727",1100.0000
"20150724",1080.8000
"20150723",1097.4000
"20150722",1088.6000
"20150721",1105.6000
"20150720",1104.6000
"20150717",1132.8000
"20150716",1144.4000
"20150715",1147.4000
"20150714",1157.4000
"20150713",1154.0000
"20150710",1159.3000
"20150709",1164.2500
"20150708",1158.5000
"20150707",1156.2500
"20150706",1166.0000
"20150703",1167.9500
"20150702",1165.2500
"20150701",1168.0000
"20150630",1171.0000
"20150629",1176.0000
"20150626",1170.5000
"20150625",1172.6500
"20150624",1173.7500
"20150623",1178.0000
"20150622",1185.5000
"20150619",1203.4000
"20150618",1201.8500
"20150617",1178.0000
"20150616",1177.7500
"20150615",1181.4000
"20150612",1182.8000
"20150611",1178.5000
"20150610",1188.5000
"20150609",1177.4000
"20150608",1172.8000
"20150605",1164.6000
"20150604",1176.0000
"20150603",1190.0000
"20150602",1192.8000
"20150601",1199.9000
"20150529",1191.4000
"20150528",1185.0000
"20150527",1185.8500
"20150526",1185.4000
"20150522",1204.1000
"20150521",1205.0000
"20150520",1210.5000
"20150519",1214.3000
"20150518",1223.5000
"20150515",1220.5000
"20150514",1225.0000
"20150513",1210.5000
"20150512",1191.5000
"20150511",1189.2500
"20150508",1186.0000
"20150507",1187.0000
"20150506",1194.2500
"20150505",1197.0000
"20150501",1175.9500
"20150430",1180.2500
"20150429",1209.0000
"20150428",1209.0000
"20150427",1200.0000
"20150424",1183.0000
"20150423",1185.7500
"20150422",1189.2500
"20150421",1195.3000
"20150420",1196.5000
"20150417",1203.3500
"20150416",1204.3500
"20150415",1192.9000
"20150414",1194.7500
"20150413",1198.9000
"20150410",1207.3500
"20150409",1194.8000
"20150408",1207.2500
"20150407",1211.0000
"20150402",1198.5000
"20150401",1197.0000
"20150331",1187.0000
"20150330",1185.5000
"20150327",1195.7500
"20150326",1203.1500
"20150325",1195.6000
"20150324",1191.5000
"20150323",1186.2500
"20150320",1183.1000
"20150319",1166.0000
"20150318",1147.2500
"20150317",1150.7500
"20150316",1150.7500
"20150313",1152.0000
"20150312",1152.2500
"20150311",1150.0000
"20150310",1162.0000
"20150309",1168.5000
"20150306",1175.7500
"20150305",1202.0000
"20150304",1199.5000
"20150303",1212.7500
"20150302",1212.5000
"20150227",1214.0000
"20150226",1208.2500
"20150225",1204.7500
"20150224",1192.5000
"20150223",1204.5000
"20150220",1208.2500
"20150219",1209.5000
"20150218",1206.0000
"20150217",1209.5000
"20150216",1229.2500
"20150213",1232.5000
"20150212",1222.5000
"20150211",1223.7500
"20150210",1234.5000
"20150209",1238.5000
"20150206",1241.0000
"20150205",1259.2500
"20150204",1268.5000
"20150203",1264.2500
"20150202",1272.5000
"20150130",1260.2500
"20150129",1268.7500
"20150128",1288.0000
"20150127",1288.5000
"20150126",1281.2500
"20150123",1294.7500
"20150122",1295.7500
"20150121",1293.5000
"20150120",1288.7500
"20150119",1273.7500
"20150116",1277.5000
"20150115",1259.0000
"20150114",1235.0000
"20150113",1231.5000
"20150112",1226.5000
"20150109",1217.7500
"20150108",1215.5000
"20150107",1210.5000
"20150106",1210.2500
"20150105",1200.0000
"20150102",1172.0000
"20141230",1206.0000
"20141229",1185.5000
"20141223",1175.7500
"20141222",1195.2500
"20141219",1195.5000
"20141218",1199.0000
"20141217",1195.7500
"20141216",1202.5000
"20141215",1209.2500
"20141212",1217.0000
"20141211",1216.2500
"20141210",1229.0000
"20141209",1227.0000
"20141208",1193.0000
"20141205",1194.0000
"20141204",1209.0000
"20141203",1204.7500
"20141202",1195.0000
"20141201",1194.0000
"20141128",1182.7500
"20141127",1194.7500
"20141126",1197.5000
"20141125",1199.0000
"20141124",1197.5000
"20141121",1203.7500
"20141120",1190.0000
"20141119",1196.0000
"20141118",1192.7500
"20141117",1182.5000
"20141114",1169.0000
"20141113",1161.7500
"20141112",1164.5000
"20141111",1156.5000
"20141110",1162.0000
"20141107",1154.5000
"20141106",1145.0000
"20141105",1142.0000
"20141104",1166.5000
"20141103",1167.7500
"20141031",1164.2500
"20141030",1202.0000
"20141029",1223.5000
"20141028",1229.2500
"20141027",1228.7500
"20141024",1232.7500
"20141023",1232.7500
"20141022",1243.7500
"20141021",1250.2500
"20141020",1244.5000
"20141017",1234.2500
"20141016",1237.7500
"20141015",1237.5000
"20141014",1234.7500
"20141013",1229.0000
"20141010",1219.0000
"20141009",1226.7500
"20141008",1217.0000
"20141007",1210.5000
"20141006",1195.7500
"20141003",1195.0000
"20141002",1211.7500
"20141001",1216.5000
"20140930",1216.5000
"20140929",1219.5000
"20140926",1213.7500
"20140925",1213.7500
"20140924",1217.2500
"20140923",1222.0000
"20140922",1213.5000
"20140919",1219.7500
"20140918",1220.5000
"20140917",1236.0000
"20140916",1232.2500
"20140915",1234.2500
"20140912",1231.5000
"20140911",1241.2500
"20140910",1251.0000
"20140909",1255.7500
"20140908",1259.0000
"20140905",1266.0000
"20140904",1271.5000
"20140903",1265.5000
"20140902",1267.0000
"20140901",1286.5000
"20140829",1285.7500
"20140828",1292.0000
"20140827",1282.7500
"20140826",1286.0000
"20140822",1277.2500
"20140821",1275.2500
"20140820",1295.0000
"20140819",1296.5000
"20140818",1296.7500
"20140815",1296.0000
"20140814",1313.5000
"20140813",1312.0000
"20140812",1315.7500
"20140811",1307.2500
"20140808",1309.7500
"20140807",1305.2500
"20140806",1306.5000
"20140805",1284.7500
"20140804",1290.5000
"20140801",1291.2500
"20140731",1285.2500
"20140730",1294.5000
"20140729",1299.2500
"20140728",1304.5000
"20140725",1294.7500
"20140724",1292.7500
"20140723",1308.0000
"20140722",1310.2500
"20140721",1311.5000
"20140718",1307.2500
"20140717",1302.5000
"20140716",1301.0000
"20140715",1310.0000
"20140714",1306.0000
"20140711",1335.0000
"20140710",1340.2500
"20140709",1322.7500
"20140708",1323.0000
"20140707",1313.0000
"20140704",1319.2500
"20140703",1317.5000
"20140702",1326.5000
"20140701",1327.5000
"20140630",1315.0000
"20140627",1317.5000
"20140626",1311.7500
"20140625",1316.7500
"20140624",1318.5000
"20140623",1313.5000
"20140620",1312.5000
"20140619",1293.0000
"20140618",1269.7500
"20140617",1267.5000
"20140616",1276.2500
"20140613",1273.0000
"20140612",1265.7500
"20140611",1262.0000
"20140610",1259.5000
"20140609",1253.5000
"20140606",1247.5000
"20140605",1252.5000
"20140604",1245.2500
"20140603",1242.7500
"20140602",1247.2500
"20140530",1250.5000
"20140529",1255.0000
"20140528",1263.5000
"20140527",1275.5000
"20140523",1291.5000
"20140522",1298.5000
"20140521",1287.2500
"20140520",1295.5000
"20140519",1302.0000
"20140516",1291.5000
"20140515",1299.0000
"20140514",1305.2500
"20140513",1296.5000
"20140512",1298.7500
"20140509",1291.2500
"20140508",1287.0000
"20140507",1296.0000
"20140506",1306.2500
"20140502",1281.2500
"20140501",1278.5000
"20140430",1288.5000
"20140429",1297.7500
"20140428",1299.0000
"20140425",1301.2500
"20140424",1291.5000
"20140423",1285.2500
"20140422",1286.7500
"20140417",1299.0000
"20140416",1301.5000
"20140415",1298.0000
"20140414",1325.7500
"20140411",1318.0000
"20140410",1320.5000
"20140409",1301.7500
"20140408",1309.5000
"20140407",1299.0000
"20140404",1297.2500
"20140403",1284.0000
"20140402",1292.0000
"20140401",1283.7500
"20140331",1291.7500
"20140328",1294.7500
"20140327",1296.0000
"20140326",1304.0000
"20140325",1313.5000
"20140324",1310.7500
"20140321",1336.0000
"20140320",1327.0000
"20140319",1338.0000
"20140318",1355.7500
"20140317",1378.5000
"20140314",1385.0000
"20140313",1368.7500
"20140312",1366.0000
"20140311",1346.2500
"20140310",1344.0000
"20140307",1335.2500
"20140306",1345.2500
"20140305",1337.0000
"20140304",1334.7500
"20140303",1349.5000
"20140228",1326.5000
"20140227",1332.2500
"20140226",1331.7500
"20140225",1339.0000
"20140224",1334.7500
"20140221",1323.2500
"20140220",1316.2500
"20140219",1320.5000
"20140218",1320.7500
"20140217",1327.5000
"20140214",1320.0000
"20140213",1296.0000
"20140212",1289.5000
"20140211",1282.0000
"20140210",1277.0000
"20140207",1259.2500
"20140206",1256.5000
"20140205",1254.5000
"20140204",1250.2500
"20140203",1262.0000
"20140131",1251.0000
"20140130",1242.5000
"20140129",1264.0000
"20140128",1251.2500
"20140127",1260.5000
"20140124",1267.0000
"20140123",1263.0000
"20140122",1241.0000
"20140121",1238.0000
"20140120",1255.7500
"20140117",1250.0000
"20140116",1241.5000
"20140115",1236.0000
"20140114",1251.5000
"20140113",1248.0000
"20140110",1244.2500
"20140109",1226.0000
"20140108",1221.0000
"20140107",1227.5000
"20140106",1246.2500
"20140103",1234.5000
"20140102",1225.0000
"20131230",1204.5000
"20131227",1214.5000
"20131223",1199.0000
"20131220",1195.2500
"20131219",1196.0000
"20131218",1230.5000
"20131217",1231.7500
"20131216",1234.7500
"20131213",1232.0000
"20131212",1225.2500
"20131211",1260.7500
"20131210",1266.2500
"20131209",1237.0000
"20131206",1233.0000
"20131205",1222.5000
"20131204",1227.5000
"20131203",1217.2500
"20131202",1229.5000
"20131129",1253.0000
"20131128",1245.5000
"20131127",1245.0000
"20131126",1247.5000
"20131125",1243.0000
"20131122",1246.2500
"20131121",1240.0000
"20131120",1257.0000
"20131119",1275.7500
"20131118",1283.5000
"20131115",1287.2500
"20131114",1286.0000
"20131113",1272.5000
"20131112",1281.2500
"20131111",1282.5000
"20131108",1285.5000
"20131107",1307.2500
"20131106",1319.0000
"20131105",1307.2500
"20131104",1320.5000
"20131101",1306.7500
"20131031",1324.0000
"20131030",1354.7500
"20131029",1349.2500
"20131028",1361.0000
"20131025",1347.7500
"20131024",1344.7500
"20131023",1331.2500
"20131022",1333.0000
"20131021",1317.5000
"20131018",1316.5000
"20131017",1319.2500
"20131016",1273.5000
"20131015",1270.5000
"20131014",1285.5000
"20131011",1265.5000
"20131010",1298.5000
"20131009",1304.0000
"20131008",1329.5000
"20131007",1323.5000
"20131004",1309.7500
"20131003",1316.0000
"20131002",1306.2500
"20131001",1290.7500
"20130930",1326.5000
"20130927",1341.0000
"20130926",1333.0000
"20130925",1322.7500
"20130924",1314.2500
"20130923",1323.0000
"20130920",1349.2500
"20130919",1365.5000
"20130918",1301.0000
"20130917",1312.2500
"20130916",1324.0000
"20130913",1318.5000
"20130912",1328.0000
"20130911",1363.7500
"20130910",1358.2500
"20130909",1390.0000
"20130906",1387.0000
"20130905",1385.0000
"20130904",1390.0000
"20130903",1399.5000
"20130902",1392.2500
"20130830",1394.7500
"20130829",1407.7500
"20130828",1419.5000
"20130827",1419.2500
"20130823",1377.5000
"20130822",1375.5000
"20130821",1363.0000
"20130820",1372.5000
"20130819",1365.0000
"20130816",1369.2500
"20130815",1329.7500
"20130814",1326.5000
"20130813",1328.5000
"20130812",1341.0000
"20130809",1309.0000
"20130808",1298.2500
"20130807",1282.5000
"20130806",1280.5000
"20130805",1304.7500
"20130802",1309.2500
"20130801",1315.0000
"20130731",1314.5000
"20130730",1324.1500
"20130729",1329.7500
"20130726",1331.0000
"20130725",1326.0000
"20130724",1335.0000
"20130723",1333.5000
"20130722",1327.0000
"20130719",1295.7500
"20130718",1283.2500
"20130717",1297.2500
"20130716",1291.5000
"20130715",1284.7500
"20130712",1279.7500
"20130711",1285.0000
"20130710",1256.0000
"20130709",1255.5000
"20130708",1235.2500
"20130705",1212.7500
"20130704",1251.7500
"20130703",1250.0000
"20130702",1252.5000
"20130701",1242.7500
"20130628",1192.0000
"20130627",1232.7500
"20130626",1236.2500
"20130625",1279.0000
"20130624",1286.7500
"20130621",1295.2500
"20130620",1292.5000
"20130619",1372.7500
"20130618",1366.7500
"20130617",1384.7500
"20130614",1391.2500
"20130613",1385.0000
"20130612",1382.7500
"20130611",1374.2500
"20130610",1383.2500
"20130607",1386.0000
"20130606",1400.0000
"20130605",1404.0000
"20130604",1399.5000
"20130603",1402.5000
"20130531",1394.5000
"20130530",1413.5000
"20130529",1382.5000
"20130528",1376.5000
"20130524",1390.2500
"20130523",1380.5000
"20130522",1408.5000
"20130521",1360.7500
"20130520",1354.7500
"20130517",1368.7500
"20130516",1381.0000
"20130515",1410.0000
"20130514",1433.7500
"20130513",1430.7500
"20130510",1426.5000
"20130509",1465.5000
"20130508",1468.0000
"20130507",1444.2500
"20130503",1469.2500
"20130502",1469.2500
"20130501",1454.7500
"20130430",1469.0000
"20130429",1467.5000
"20130426",1471.5000
"20130425",1451.0000
"20130424",1428.5000
"20130423",1408.0000
"20130422",1424.5000
"20130419",1405.5000
"20130418",1393.7500
"20130417",1392.0000
"20130416",1380.0000
"20130415",1395.0000
"20130412",1535.5000
"20130411",1565.0000
"20130410",1575.0000
"20130409",1577.2500
"20130408",1575.0000
"20130405",1568.0000
"20130404",1546.5000
"20130403",1574.7500
"20130402",1583.5000
"20130328",1598.2500
"20130327",1603.0000
"20130326",1598.0000
"20130325",1599.2500
"20130322",1607.7500
"20130321",1613.7500
"20130320",1607.5000
"20130319",1610.7500
"20130318",1603.7500
"20130315",1595.5000
"20130314",1586.0000
"20130313",1589.2500
"20130312",1594.0000
"20130311",1579.0000
"20130308",1581.7500
"20130307",1579.5000
"20130306",1574.0000
"20130305",1579.7500
"20130304",1574.2500
"20130301",1582.2500
"20130228",1588.5000
"20130227",1604.2500
"20130226",1590.5000
"20130225",1586.2500
"20130222",1576.5000
"20130221",1577.0000
"20130220",1588.5000
"20130219",1607.7500
"20130218",1610.7500
"20130215",1612.2500
"20130214",1646.0000
"20130213",1645.0000
"20130212",1647.5000
"20130211",1652.0000
"20130208",1668.2500
"20130207",1668.0000
"20130206",1674.2500
"20130205",1673.5000
"20130204",1666.0000
"20130201",1669.0000
"20130131",1664.7500
"20130130",1677.5000
"20130129",1663.5000
"20130128",1656.5000
"20130125",1660.0000
"20130124",1671.0000
"20130123",1690.2500
"20130122",1690.5000
"20130121",1687.5000
"20130118",1688.5000
"20130117",1675.0000
"20130116",1676.2500
"20130115",1680.5000
"20130114",1666.5000
"20130111",1657.5000
"20130110",1675.0000
"20130109",1657.7500
"20130108",1656.0000
"20130107",1645.2500
"20130104",1648.0000
"20130103",1679.5000
"20130102",1693.7500
"20121228",1657.5000
"20121227",1655.5000
"20121221",1651.5000
"20121220",1650.5000
"20121219",1665.0000
"20121218",1694.0000
"20121217",1695.7500
"20121214",1696.2500
"20121213",1692.7500
"20121212",1716.2500
"20121211",1710.0000
"20121210",1712.5000
"20121207",1701.5000
"20121206",1694.2500
"20121205",1694.0000
"20121204",1697.7500
"20121203",1720.0000
"20121130",1726.0000
"20121129",1725.0000
"20121128",1708.0000
"20121127",1746.2500
"20121126",1750.5000
"20121123",1734.5000
"20121122",1731.0000
"20121121",1724.0000
"20121120",1732.2500
"20121119",1730.5000
"20121116",1713.5000
"20121115",1710.0000
"20121114",1725.7500
"20121113",1726.2500
"20121112",1735.2500
"20121109",1738.2500
"20121108",1717.0000
"20121107",1715.2500
"20121106",1691.0000
"20121105",1683.5000
"20121102",1685.0000
"20121101",1716.2500
"20121031",1719.0000
"20121030",1710.0000
"20121029",1707.0000
"20121026",1716.0000
"20121025",1715.5000
"20121024",1706.5000
"20121023",1711.0000
"20121022",1726.7500
"20121019",1737.0000
"20121018",1743.0000
"20121017",1749.0000
"20121016",1746.5000
"20121015",1736.0000
"20121012",1766.7500
"20121011",1769.0000
"20121010",1761.2500
"20121009",1774.0000
"20121008",1773.5000
"20121005",1784.0000
"20121004",1791.7500
"20121003",1775.2500
"20121002",1775.5000
"20121001",1787.0000
"20120928",1776.0000
"20120927",1763.0000
"20120926",1744.7500
"20120925",1771.5000
"20120924",1762.5000
"20120921",1784.5000
"20120920",1758.5000
"20120919",1766.7500
"20120918",1769.5000
"20120917",1770.0000
"20120914",1775.5000
"20120913",1733.2500
"20120912",1737.0000
"20120911",1736.7500
"20120910",1732.0000
"20120907",1728.0000
"20120906",1701.0000
"20120905",1690.0000
"20120904",1697.0000
"20120903",1691.5000
"20120831",1648.5000
"20120830",1660.5000
"20120829",1660.0000
"20120828",1668.0000
"20120824",1667.0000
"20120823",1665.2500
"20120822",1642.0000
"20120821",1639.5000
"20120820",1615.0000
"20120817",1614.7500
"20120816",1604.5000
"20120815",1601.7500
"20120814",1597.7500
"20120813",1622.5000
"20120810",1618.5000
"20120809",1615.0000
"20120808",1613.2500
"20120807",1611.0000
"20120806",1610.0000
"20120803",1602.0000
"20120802",1597.0000
"20120801",1599.0000
"20120731",1622.0000
"20120730",1617.7500
"20120727",1618.2500
"20120726",1618.0000
"20120725",1601.0000
"20120724",1583.2500
"20120723",1572.2500
"20120720",1576.2500
"20120719",1584.0000
"20120718",1575.2500
"20120717",1585.2500
"20120716",1589.7500
"20120713",1595.5000
"20120712",1556.2500
"20120711",1577.0000
"20120710",1595.2500
"20120709",1585.0000
"20120706",1587.0000
"20120705",1604.0000
"20120704",1613.5000
"20120703",1617.5000
"20120702",1592.0000
"20120629",1598.5000
"20120628",1558.5000
"20120627",1573.5000
"20120626",1576.0000
"20120625",1570.0000
"20120622",1565.5000
"20120621",1582.0000
"20120620",1601.0000
"20120619",1625.5000
"20120618",1615.5000
"20120615",1627.2500
"20120614",1613.5000
"20120613",1619.5000
"20120612",1603.5000
"20120611",1584.0000
"20120608",1576.5000
"20120607",1606.0000
"20120606",1635.0000
"20120601",1606.0000
"20120531",1558.0000
"20120530",1540.0000
"20120529",1579.5000
"20120528",1574.6000
"20120525",1569.5000
"20120524",1568.5000
"20120523",1549.0000
"20120522",1582.5000
"20120521",1592.5000
"20120518",1589.5000
"20120517",1554.0000
"20120516",1548.5000
"20120515",1556.5000
"20120514",1558.5000
"20120511",1583.0000
"20120510",1598.5000
"20120509",1582.5000
"20120508",1602.5000
"20120504",1643.7500
"20120503",1637.7500
"20120502",1648.0000
"20120501",1664.0000
"20120430",1651.2500
"20120427",1663.5000
"20120426",1653.5000
"20120425",1637.7500
"20120424",1649.5000
"20120423",1629.0000
"20120420",1641.5000
"20120419",1650.0000
"20120418",1644.0000
"20120417",1635.5000
"20120416",1653.0000
"20120413",1666.5000
"20120412",1668.5000
"20120411",1658.0000
"20120410",1644.0000
"20120405",1631.0000
"20120404",1621.0000
"20120403",1676.2500
"20120402",1677.5000
"20120330",1662.5000
"20120329",1657.5000
"20120328",1676.0000
"20120327",1692.0000
"20120326",1680.2500
"20120323",1664.0000
"20120322",1635.5000
"20120321",1649.2500
"20120320",1656.7500
"20120319",1661.5000
"20120316",1658.0000
"20120315",1648.0000
"20120314",1644.2500
"20120313",1690.0000
"20120312",1697.5000
"20120309",1687.5000
"20120308",1690.0000
"20120307",1677.5000
"20120306",1669.0000
"20120305",1705.0000
"20120302",1707.0000
"20120301",1714.0000
"20120229",1770.0000
"20120228",1781.0000
"20120227",1772.0000
"20120224",1777.5000
"20120223",1777.0000
"20120222",1752.0000
"20120221",1748.0000
"20120220",1733.0000
"20120217",1723.0000
"20120216",1713.0000
"20120215",1733.0000
"20120214",1722.0000
"20120213",1720.0000
"20120210",1711.5000
"20120209",1748.0000
"20120208",1746.0000
"20120207",1724.0000
"20120206",1719.0000
"20120203",1734.0000
"20120202",1751.0000
"20120201",1740.0000
"20120131",1744.0000
"20120130",1729.0000
"20120127",1726.0000
"20120126",1727.0000
"20120125",1650.0000
"20120124",1665.5000
"20120123",1675.5000
"20120120",1653.0000
"20120119",1655.0000
"20120118",1647.0000
"20120117",1656.0000
"20120116",1641.0000
"20120113",1635.5000
"20120112",1661.0000
"20120111",1634.5000
"20120110",1637.0000
"20120109",1615.0000
"20120106",1616.5000
"20120105",1599.0000
"20120104",1613.0000
"20120103",1598.0000
"20111229",1531.0000
"20111228",1571.0000
"20111222",1606.5000
"20111221",1608.0000
"20111220",1613.5000
"20111219",1598.0000
"20111216",1594.0000
"20111215",1574.0000
"20111214",1603.0000
"20111213",1672.5000
"20111212",1659.5000
"20111209",1709.0000
"20111208",1715.0000
"20111207",1735.5000
"20111206",1708.0000
"20111205",1744.0000
"20111202",1747.0000
"20111201",1752.0000
"20111130",1746.0000
"20111129",1717.0000
"20111128",1714.0000
"20111125",1688.5000
"20111124",1692.5000
"20111123",1681.0000
"20111122",1699.0000
"20111121",1702.0000
"20111118",1719.0000
"20111117",1742.5000
"20111116",1756.0000
"20111115",1785.0000
"20111114",1776.0000
"20111111",1773.0000
"20111110",1756.0000
"20111109",1784.0000
"20111108",1795.0000
"20111107",1782.0000
"20111104",1749.0000
"20111103",1758.0000
"20111102",1743.0000
"20111101",1699.0000
"20111031",1722.0000
"20111028",1741.0000
"20111027",1718.0000
"20111026",1715.0000
"20111025",1656.0000
"20111024",1652.0000
"20111021",1642.5000
"20111020",1620.0000
"20111019",1652.5000
"20111018",1631.0000
"20111017",1682.0000
"20111014",1678.0000
"20111013",1656.0000
"20111012",1682.0000
"20111011",1663.0000
"20111010",1661.0000
"20111007",1652.0000
"20111006",1635.0000
"20111005",1617.0000
"20111004",1638.0000
"20111003",1655.5000
"20110930",1620.0000
"20110929",1613.0000
"20110928",1643.0000
"20110927",1659.0000
"20110926",1598.0000
"20110923",1689.0000
"20110922",1722.0000
"20110921",1793.0000
"20110920",1799.0000
"20110919",1794.0000
"20110916",1794.0000
"20110915",1782.0000
"20110914",1818.5000
"20110913",1820.0000
"20110912",1834.0000
"20110909",1851.5000
"20110908",1855.0000
"20110907",1810.0000
"20110906",1895.0000
"20110905",1895.0000
"20110902",1875.2500
"20110901",1821.0000
"20110831",1813.5000
"20110830",1825.0000
"20110826",1788.0000
"20110825",1729.0000
"20110824",1770.0000
"20110823",1876.0000
"20110822",1877.5000
"20110819",1848.0000
"20110818",1824.0000
"20110817",1790.0000
"20110816",1782.5000
"20110815",1739.0000
"20110812",1736.0000
"20110811",1760.0000
"20110810",1772.0000
"20110809",1736.0000
"20110808",1693.0000
"20110805",1658.7500
"20110804",1679.5000
"20110803",1669.2500
"20110802",1637.7500
"20110801",1623.0000
"20110729",1628.5000
"20110728",1613.5000
"20110727",1625.0000
"20110726",1612.7500
"20110725",1613.5000
"20110722",1602.0000
"20110721",1601.0000
"20110720",1586.0000
"20110719",1601.0000
"20110718",1599.0000
"20110715",1587.0000
"20110714",1590.5000
"20110713",1579.0000
"20110712",1550.5000
"20110711",1555.5000
"20110708",1541.5000
"20110707",1527.5000
"20110706",1527.2500
"20110705",1510.0000
"20110704",1495.0000
"20110701",1483.0000
"20110630",1505.5000
"20110629",1504.2500
"20110628",1499.0000
"20110627",1498.0000
"20110624",1514.7500
"20110623",1523.0000
"20110622",1552.5000
"20110621",1544.7500
"20110620",1544.0000
"20110617",1537.5000
"20110616",1523.2500
"20110615",1529.7500
"20110614",1516.0000
"20110613",1526.2500
"20110610",1529.2500
"20110609",1537.7500
"20110608",1537.7500
"20110607",1545.0000
"20110606",1549.0000
"20110603",1540.0000
"20110602",1539.5000
"20110601",1533.7500
"20110531",1536.5000
"20110527",1533.0000
"20110526",1518.5000
"20110525",1526.2500
"20110524",1527.0000
"20110523",1510.5000
"20110520",1490.7500
"20110519",1493.0000
"20110518",1496.5000
"20110517",1478.5000
"20110516",1500.7500
"20110513",1505.7500
"20110512",1489.5000
"20110511",1508.0000
"20110510",1513.5000
"20110509",1502.0000
"20110506",1486.5000
"20110505",1511.0000
"20110504",1541.0000
"20110503",1540.2500
"20110428",1535.5000
"20110427",1511.0000
"20110426",1497.5000
"20110421",1504.0000
"20110420",1501.0000
"20110419",1490.5000
"20110418",1493.0000
"20110415",1476.7500
"20110414",1465.7500
"20110413",1457.5000
"20110412",1450.5000
"20110411",1468.0000
"20110408",1469.5000
"20110407",1459.5000
"20110406",1461.5000
"20110405",1433.5000
"20110404",1435.5000
"20110401",1418.0000
"20110331",1439.0000
"20110330",1425.5000
"20110329",1417.5000
"20110328",1417.0000
"20110325",1436.0000
"20110324",1447.0000
"20110323",1439.5000
"20110322",1426.0000
"20110321",1432.0000
"20110318",1420.0000
"20110317",1403.7500
"20110316",1402.0000
"20110315",1400.5000
"20110314",1422.2500
"20110311",1411.5000
"20110310",1413.2500
"20110309",1431.0000
"20110308",1426.2500
"20110307",1437.5000
"20110304",1427.0000
"20110303",1421.5000
"20110302",1435.5000
"20110301",1420.7500
"20110228",1411.0000
"20110225",1402.5000
"20110224",1411.5000
"20110223",1409.2500
"20110222",1401.0000
"20110221",1403.0000
"20110218",1383.5000
"20110217",1379.0000
"20110216",1371.2500
"20110215",1372.7500
"20110214",1365.0000
"20110211",1364.0000
"20110210",1353.2500
"20110209",1365.0000
"20110208",1363.5000
"20110207",1347.5000
"20110204",1355.0000
"20110203",1328.0000
"20110202",1337.0000
"20110201",1331.5000
"20110131",1327.0000
"20110128",1319.0000
"20110127",1334.5000
"20110126",1328.0000
"20110125",1324.0000
"20110124",1343.0000
"20110121",1343.5000
"20110120",1345.5000
"20110119",1372.0000
"20110118",1369.5000
"20110117",1360.5000
"20110114",1367.0000
"20110113",1381.5000
"20110112",1378.7500
"20110111",1374.0000
"20110110",1368.2500
"20110107",1367.0000
"20110106",1368.5000
"20110105",1368.0000
"20110104",1388.5000
"20101230",1405.5000
"20101229",1412.5000
"20101223",1373.5000
"20101222",1387.0000
"20101221",1383.0000
"20101220",1380.0000
"20101217",1368.5000
"20101216",1363.0000
"20101215",1388.7500
"20101214",1394.5000
"20101213",1399.0000
"20101210",1375.2500
"20101209",1391.2500
"20101208",1385.5000
"20101207",1420.0000
"20101206",1415.2500
"20101203",1403.5000
"20101202",1389.0000
"20101201",1385.5000
"20101130",1383.5000
"20101129",1357.0000
"20101126",1355.0000
"20101125",1373.2500
"20101124",1372.5000
"20101123",1377.5000
"20101122",1356.5000
"20101119",1342.5000
"20101118",1350.2500
"20101117",1337.5000
"20101116",1349.0000
"20101115",1368.5000
"20101112",1388.5000
"20101111",1398.5000
"20101110",1390.5000
"20101109",1421.0000
"20101108",1388.5000
"20101105",1395.5000
"20101104",1381.0000
"20101103",1345.5000
"20101102",1351.0000
"20101101",1354.5000
"20101029",1346.7500
"20101028",1333.5000
"20101027",1324.5000
"20101026",1329.5000
"20101025",1337.5000
"20101022",1322.5000
"20101021",1343.5000
"20101020",1339.0000
"20101019",1339.0000
"20101018",1367.2500
"20101015",1367.5000
"20101014",1373.2500
"20101013",1365.5000
"20101012",1348.5000
"20101011",1351.5000
"20101008",1341.5000
"20101007",1345.0000
"20101006",1346.5000
"20101005",1330.5000
"20101004",1313.5000
"20101001",1316.2500
"20100930",1307.0000
"20100929",1307.5000
"20100928",1294.0000
"20100927",1297.0000
"20100924",1297.0000
"20100923",1290.7500
"20100922",1293.5000
"20100921",1275.0000
"20100920",1279.2500
"20100917",1274.0000
"20100916",1272.5000
"20100915",1267.0000
"20100914",1265.5000
"20100913",1243.7500
"20100910",1246.5000
"20100909",1255.0000
"20100908",1255.0000
"20100907",1256.7500
"20100906",1249.0000
"20100903",1240.5000
"20100902",1248.5000
"20100901",1246.5000
"20100831",1246.0000
"20100827",1235.0000
"20100826",1237.0000
"20100825",1237.5000
"20100824",1222.0000
"20100823",1226.0000
"20100820",1223.5000
"20100819",1233.5000
"20100818",1218.0000
"20100817",1226.0000
"20100816",1223.5000
"20100813",1214.2500
"20100812",1213.0000
"20100811",1205.5000
"20100810",1192.5000
"20100809",1203.0000
"20100806",1207.7500
"20100805",1192.5000
"20100804",1199.5000
"20100803",1187.5000
"20100802",1188.5000
"20100730",1169.0000
"20100729",1162.5000
"20100728",1157.0000
"20100727",1168.0000
"20100726",1183.5000
"20100723",1190.5000
"20100722",1199.5000
"20100721",1191.5000
"20100720",1183.0000
"20100719",1181.0000
"20100716",1189.2500
"20100715",1208.0000
"20100714",1207.0000
"20100713",1216.0000
"20100712",1205.5000
"20100709",1208.7500
"20100708",1193.5000
"20100707",1193.2500
"20100706",1195.0000
"20100705",1208.0000
"20100702",1201.5000
"20100701",1234.0000
"20100630",1244.0000
"20100629",1234.5000
"20100628",1261.0000
"20100625",1254.0000
"20100624",1236.2500
"20100623",1226.5000
"20100622",1236.0000
"20100621",1254.5000
"20100618",1256.0000
"20100617",1245.0000
"20100616",1234.5000
"20100615",1225.0000
"20100614",1223.7500
"20100611",1220.0000
"20100610",1217.5000
"20100609",1233.5000
"20100608",1246.0000
"20100607",1215.0000
"20100604",1203.5000
"20100603",1215.0000
"20100602",1215.0000
"20100601",1227.7500
"20100528",1207.5000
"20100527",1211.0000
"20100526",1212.0000
"20100525",1198.2500
"20100524",1187.0000
"20100521",1179.7500
"20100520",1192.0000
"20100519",1195.0000
"20100518",1216.7500
"20100517",1236.0000
"20100514",1236.5000
"20100513",1237.5000
"20100512",1237.5000
"20100511",1222.5000
"20100510",1196.5000
"20100507",1202.2500
"20100506",1185.2500
"20100505",1165.0000
"20100504",1185.0000
"20100430",1179.2500
"20100429",1166.7500
"20100428",1161.0000
"20100427",1149.5000
"20100426",1154.5000
"20100423",1139.5000
"20100422",1133.7500
"20100421",1143.0000
"20100420",1144.7500
"20100419",1136.2500
"20100416",1151.5000
"20100415",1154.5000
"20100414",1153.7500
"20100413",1148.2500
"20100412",1158.7500
"20100409",1152.5000
"20100408",1148.0000
"20100407",1142.0000
"20100406",1132.7500
"20100401",1123.5000
"20100331",1115.5000
"20100330",1107.0000
"20100329",1107.5000
"20100326",1096.5000
"20100325",1093.0000
"20100324",1090.7500
"20100323",1101.5000
"20100322",1097.2500
"20100319",1105.5000
"20100318",1122.7500
"20100317",1121.7500
"20100316",1124.7500
"20100315",1104.2500
"20100312",1106.2500
"20100311",1104.0000
"20100310",1120.5000
"20100309",1115.7500
"20100308",1125.7500
"20100305",1135.0000
"20100304",1134.5000
"20100303",1136.5000
"20100302",1126.5000
"20100301",1114.0000
"20100226",1108.2500
"20100225",1094.5000
"20100224",1103.0000
"20100223",1107.0000
"20100222",1115.2500
"20100219",1112.7500
"20100218",1118.0000
"20100217",1119.0000
"20100216",1115.2500
"20100215",1098.2500
"20100212",1082.0000
"20100211",1076.2500
"20100210",1069.5000
"20100209",1071.2500
"20100208",1064.0000
"20100205",1058.0000
"20100204",1083.2500
"20100203",1115.2500
"20100202",1111.0000
"20100201",1086.5000
"20100129",1078.5000
"20100128",1088.0000
"20100127",1094.7500
"20100126",1093.2500
"20100125",1095.2500
"20100122",1084.0000
"20100121",1108.2500
"20100120",1120.2500
"20100119",1133.0000
"20100118",1134.5000
"20100115",1128.0000
"20100114",1138.2500
"20100113",1127.2500
"20100112",1151.2500
"20100111",1153.0000
"20100108",1126.7500
"20100107",1130.2500
"20100106",1130.0000
"20100105",1123.2500
"20100104",1121.5000
"20091230",1087.5000
"20091229",1106.0000
"20091223",1085.2500
"20091222",1084.0000
"20091221",1105.5000
"20091218",1104.5000
"20091217",1117.0000
"20091216",1137.5000
"20091215",1122.0000
"20091214",1123.7500
"20091211",1124.0000
"20091210",1128.5000
"20091209",1141.0000
"20091208",1146.7500
"20091207",1142.5000
"20091204",1190.2500
"20091203",1208.7500
"20091202",1212.5000
"20091201",1192.5000
"20091130",1175.7500
"20091127",1104.0000
"20091126",1182.7500
"20091125",1179.7500
"20091124",1163.2500
"20091123",1169.5000
"20091120",1140.0000
"20091119",1135.5000
"20091118",1149.0000
"20091117",1134.7500
"20091116",1130.0000
"20091113",1104.0000
"20091112",1114.7500
"20091111",1115.2500
"20091110",1101.5000
"20091109",1106.7500
"20091106",1096.7500
"20091105",1089.0000
"20091104",1090.0000
"20091103",1061.0000
"20091102",1062.0000
"20091030",1040.0000
"20091029",1040.5000
"20091028",1031.7500
"20091027",1036.5000
"20091026",1054.0000
"20091023",1061.7500
"20091022",1053.0000
"20091021",1053.7500
"20091020",1061.7500
"20091019",1050.5000
"20091016",1047.5000
"20091015",1053.5000
"20091014",1059.5000
"20091013",1057.5000
"20091012",1058.7500
"20091009",1051.5000
"20091008",1045.0000
"20091007",1040.2500
"20091006",1038.7500
"20091005",1005.5000
"20091002",1003.5000
"20091001",1004.7500
"20090930",995.7500
"20090929",989.5000
"20090928",991.7500
"20090925",991.5000
"20090924",1009.7500
"20090923",1010.2500
"20090922",1014.0000
"20090921",997.0000
"20090918",1012.0000
"20090917",1018.5000
"20090916",1015.7500
"20090915",996.0000
"20090914",999.2500
"20090911",1008.2500
"20090910",990.7500
"20090909",999.5000
"20090908",1000.7500
"20090907",993.0000
"20090904",989.0000
"20090903",983.0000
"20090902",964.7500
"20090901",955.0000
"20090828",955.5000
"20090827",943.0000
"20090826",940.5000
"20090825",950.5000
"20090824",951.5000
"20090821",952.5000
"20090820",940.5000
"20090819",943.0000
"20090818",935.0000
"20090817",932.7500
"20090814",953.6000
"20090813",953.5000
"20090812",947.2500
"20090811",942.7500
"20090810",945.0000
"20090807",956.0000
"20090806",964.0000
"20090805",960.5000
"20090804",960.5000
"20090803",959.7500
"20090731",939.0000
"20090730",932.5000
"20090729",931.0000
"20090728",944.2500
"20090727",955.0000
"20090724",951.5000
"20090723",950.0000
"20090722",948.2500
"20090721",947.7500
"20090720",952.7500
"20090717",937.5000
"20090716",935.0000
"20090715",938.0000
"20090714",924.7500
"20090713",908.5000
"20090710",913.0000
"20090709",911.7500
"20090708",918.0000
"20090707",924.0000
"20090706",924.5000
"20090703",932.5000
"20090702",929.5000
"20090701",938.2500
"20090630",934.5000
"20090629",935.5000
"20090626",942.0000
"20090625",937.2500
"20090624",933.5000
"20090623",920.7500
"20090622",919.2500
"20090619",935.2500
"20090618",940.5000
"20090617",930.5000
"20090616",934.0000
"20090615",932.2500
"20090612",937.2500
"20090611",947.5000
"20090610",953.7500
"20090609",956.0000
"20090608",943.7500
"20090605",962.0000
"20090604",970.7500
"20090603",976.7500
"20090602",980.0000
"20090601",981.7500
"20090529",975.5000
"20090528",957.7500
"20090527",951.0000
"20090526",945.0000
"20090522",959.7500
"20090521",937.5000
"20090520",939.5000
"20090519",924.7500
"20090518",921.0000
"20090515",929.5000
"20090514",925.2500
"20090513",924.0000
"20090512",917.0000
"20090511",913.0000
"20090508",907.0000
"20090507",912.2500
"20090506",910.0000
"20090505",910.0000
"20090501",884.5000
"20090430",883.2500
"20090429",898.2500
"20090428",891.0000
"20090427",907.5000
"20090424",907.5000
"20090423",897.5000
"20090422",886.0000
"20090421",888.7500
"20090420",877.0000
"20090417",870.5000
"20090416",880.5000
"20090415",891.0000
"20090414",887.5000
"20090409",880.5000
"20090408",880.0000
"20090407",879.7500
"20090406",870.2500
"20090403",905.0000
"20090402",897.7500
"20090401",924.5000
"20090331",916.5000
"20090330",928.0000
"20090327",924.0000
"20090326",938.2500
"20090325",929.0000
"20090324",923.7500
"20090323",949.2500
"20090320",954.0000
"20090319",956.5000
"20090318",893.2500
"20090317",915.5000
"20090316",919.5000
"20090313",928.0000
"20090312",925.2500
"20090311",899.5000
"20090310",901.5000
"20090309",923.7500
"20090306",936.0000
"20090305",913.0000
"20090304",908.5000
"20090303",913.7500
"20090302",937.2500
"20090227",952.0000
"20090226",936.5000
"20090225",978.5000
"20090224",984.2500
"20090223",985.7500
"20090220",989.0000
"20090219",980.5000
"20090218",964.0000
"20090217",968.0000
"20090216",942.5000
"20090213",935.5000
"20090212",943.2500
"20090211",938.0000
"20090210",909.7500
"20090209",895.0000
"20090206",913.0000
"20090205",920.0000
"20090204",905.0000
"20090203",904.5000
"20090202",918.2500
"20090130",919.5000
"20090129",892.2500
"20090128",895.2500
"20090127",897.5000
"20090126",910.2500
"20090123",875.7500
"20090122",860.0000
"20090121",849.2500
"20090120",853.2500
"20090119",833.0000
"20090116",833.7500
"20090115",810.0000
"20090114",821.5000
"20090113",826.5000
"20090112",827.0000
"20090109",847.2500
"20090108",855.7500
"20090107",848.5000
"20090106",848.2500
"20090105",853.5000
"20090102",874.5000
"20081230",869.7500
"20081229",880.2500
"20081223",843.5000
"20081222",849.0000
"20081219",835.7500
"20081218",855.2500
"20081217",870.0000
"20081216",838.2500
"20081215",826.0000
"20081212",826.5000
"20081211",827.7500
"20081210",802.2500
"20081209",767.7500
"20081208",767.2500
"20081205",749.0000
"20081204",773.2500
"20081203",766.2500
"20081202",780.0000
"20081201",778.0000
"20081128",814.5000
"20081127",814.0000
"20081126",812.5000
"20081125",820.5000
"20081124",822.5000
"20081121",774.5000
"20081120",738.0000
"20081119",762.0000
"20081118",738.0000
"20081117",734.0000
"20081114",747.5000
"20081113",713.5000
"20081112",724.7500
"20081111",733.7500
"20081110",753.0000
"20081107",735.2500
"20081106",754.5000
"20081105",753.7500
"20081104",741.2500
"20081103",729.5000
"20081031",730.7500
"20081030",755.2500
"20081029",764.0000
"20081028",730.5000
"20081027",730.5000
"20081024",712.5000
"20081023",720.0000
"20081022",744.0000
"20081021",772.0000
"20081020",795.0000
"20081017",784.5000
"20081016",802.5000
"20081015",847.0000
"20081014",832.5000
"20081013",831.5000
"20081010",900.5000
"20081009",883.5000
"20081008",903.5000
"20081007",876.7500
"20081006",875.5000
"20081003",828.0000
"20081002",852.0000
"20081001",880.0000
"20080930",884.5000
"20080929",905.0000
"20080926",902.0000
"20080925",888.5000
"20080924",896.0000
"20080923",899.0000
"20080922",889.0000
"20080919",869.0000
"20080918",863.0000
"20080917",813.0000
"20080916",779.5000
"20080915",775.0000
"20080912",750.2500
"20080911",740.7500
"20080910",775.7500
"20080909",781.7500
"20080908",808.0000
"20080905",808.5000
"20080904",805.7500
"20080903",803.5000
"20080902",798.5000
"20080901",822.2500
"20080829",833.0000
"20080828",838.2500
"20080827",827.0000
"20080826",827.0000
"20080822",824.0000
"20080821",833.5000
"20080820",815.7500
"20080819",788.7500
"20080818",796.2500
"20080815",786.5000
"20080814",818.0000
"20080813",818.5000
"20080812",817.7500
"20080811",852.5000
"20080808",852.5000
"20080807",871.5000
"20080806",879.5000
"20080805",882.0000
"20080804",905.7500
"20080801",912.5000
"20080731",918.0000
"20080730",897.5000
"20080729",916.7500
"20080728",923.5000
"20080725",920.5000
"20080724",928.0000
"20080723",926.5000
"20080722",961.5000
"20080721",960.5000
"20080718",959.7500
"20080717",965.5000
"20080716",977.5000
"20080715",986.0000
"20080714",968.0000
"20080711",962.7500
"20080710",939.5000
"20080709",927.2500
"20080708",921.0000
"20080707",916.7500
"20080704",931.2500
"20080703",934.0000
"20080702",935.2500
"20080701",937.5000
"20080630",930.2500
"20080627",919.5000
"20080625",882.7500
"20080624",889.5000
"20080623",881.0000
"20080620",907.5000
"20080619",903.0000
"20080618",887.5000
"20080617",881.5000
"20080616",888.2500
"20080613",866.0000
"20080612",862.2500
"20080611",876.2500
"20080610",878.0000
"20080609",896.2500
"20080606",890.5000
"20080605",878.7500
"20080604",883.5000
"20080603",879.2500
"20080602",888.2500
"20080530",885.7500
"20080529",883.0000
"20080528",902.5000
"20080527",906.7500
"20080523",927.5000
"20080522",922.7500
"20080521",923.0000
"20080520",914.5000
"20080519",906.5000
"20080516",897.0000
"20080515",881.2500
"20080514",866.5000
"20080513",865.0000
"20080512",883.5000
"20080509",876.0000
"20080508",877.0000
"20080507",868.2500
"20080506",880.0000
"20080502",853.5000
"20080501",853.0000
"20080430",871.0000
"20080429",880.0000
"20080428",890.5000
"20080425",891.5000
"20080424",895.5000
"20080423",898.5000
"20080422",918.0000
"20080421",918.5000
"20080418",908.7500
"20080417",946.0000
"20080416",945.0000
"20080415",929.7500
"20080414",926.5000
"20080411",927.7500
"20080410",928.0000
"20080409",917.0000
"20080408",915.0000
"20080407",926.5000
"20080403",896.5000
"20080402",890.0000
"20080401",887.7500
"20080331",933.5000
"20080328",934.2500
"20080327",946.7500
"20080326",946.7500
"20080325",926.7500
"20080320",925.7500
"20080319",958.5000
"20080318",1006.7500
"20080317",1011.2500
"20080314",1003.5000
"20080313",995.0000
"20080312",975.5000
"20080311",970.0000
"20080310",969.2500
"20080307",972.5000
"20080306",976.5000
"20080305",974.5000
"20080304",984.7500
"20080303",988.5000
"20080229",971.5000
"20080228",959.7500
"20080227",959.5000
"20080226",937.0000
"20080225",937.7500
"20080222",943.0000
"20080221",945.0000
"20080220",920.0000
"20080219",924.0000
"20080218",903.2500
"20080215",912.5000
"20080214",906.0000
"20080213",899.0000
"20080212",917.0000
"20080211",918.0000
"20080208",916.2500
"20080207",899.7500
"20080205",887.5000
"20080204",893.7500
"20080201",914.7500
"20080131",923.2500
"20080130",919.0000
"20080129",924.5000
"20080128",921.7500
"20080125",918.2500
"20080124",909.2500
"20080123",888.2500
"20080122",875.0000
"20080121",871.2500
"20080118",882.0000
"20080117",888.2500
"20080116",889.7500
"20080115",913.0000
"20080114",902.0000
"20080111",891.0000
"20080110",884.2500
"20080109",877.0000
"20080108",873.5000
"20080107",859.2500
"20080104",855.0000
"20080103",858.8500
"20080102",846.7500
"20071228",833.7500
"20071227",829.0000
"20071221",810.5000
"20071220",795.2500
"20071219",799.7500
"20071218",804.2500
"20071217",790.7500
"20071214",789.5000
"20071213",800.7000
"20071212",814.0000
"20071211",808.7500
"20071210",809.5000
"20071207",792.5000
"20071206",801.5000
"20071205",793.0000
"20071204",797.5000
"20071203",784.2500
"20071130",783.5000
"20071129",794.5000
"20071128",801.7500
"20071127",810.7500
"20071126",830.0000
"20071123",815.2500
"20071122",803.2500
"20071121",798.0000
"20071120",795.5000
"20071119",778.8500
"20071116",789.7500
"20071115",794.0000
"20071114",813.5000
"20071113",804.2500
"20071112",803.5000
"20071109",831.5000
"20071108",841.1000
"20071107",834.5000
"20071106",822.5000
"20071105",804.7500
"20071102",796.5000
"20071101",790.2500
"20071031",789.5000
"20071030",783.2500
"20071029",788.5000
"20071026",779.1500
"20071025",767.5000
"20071024",757.5000
"20071023",758.2500
"20071022",751.2500
"20071019",763.0000
"20071018",764.1500
"20071017",762.5000
"20071016",756.7500
"20071015",758.8500
"20071012",749.5000
"20071011",749.0000
"20071010",741.2500
"20071009",736.0000
"20071008",733.7500
"20071004",725.5000
"20071003",730.2500
"20071002",731.0000
"20071001",742.5000
"20070928",743.0000
"20070927",731.7500
"20070926",734.7500
"20070925",728.5000
"20070924",730.0000
"20070921",737.0000
"20070920",734.5000
"20070919",725.1500
"20070918",714.7500
"20070917",719.0000
"20070914",716.3500
"20070913",704.5000
"20070912",706.0000
"20070911",704.1500
"20070910",703.5000
"20070907",701.0000
"20070906",688.1500
"20070905",680.2500
"20070904",678.7500
"20070903",672.0000
"20070831",672.0000
"20070830",666.0000
"20070829",664.2500
"20070828",666.0000
"20070824",660.8500
"20070823",660.7500
"20070822",659.5000
"20070821",657.5000
"20070820",659.5000
"20070817",657.5000
"20070816",662.2500
"20070815",667.2500
"20070814",668.3500
"20070813",668.7500
"20070810",668.5000
"20070809",662.6000
"20070808",675.5000
"20070807",668.0000
"20070806",671.5000
"20070803",670.5000
"20070802",666.2500
"20070801",665.7500
"20070731",665.5000
"20070730",661.5000
"20070727",660.5000
"20070726",670.0000
"20070725",674.7500
"20070724",684.3000
"20070723",682.0000
"20070720",681.6000
"20070719",674.5000
"20070718",666.7500
"20070717",666.5000
"20070716",666.0000
"20070713",666.5000
"20070712",667.2500
"20070711",663.0000
"20070710",661.7000
"20070709",661.2500
"20070706",648.7500
"20070705",651.0000
"20070704",654.1500
"20070703",654.2500
"20070702",654.7500
"20070629",650.5000
"20070628",647.2500
"20070627",642.1000
"20070626",647.0000
"20070625",650.7500
"20070622",652.8500
"20070621",650.5000
"20070620",657.7000
"20070619",656.3000
"20070618",656.0000
"20070615",653.1000
"20070614",653.2500
"20070613",647.6500
"20070612",647.2500
"20070611",650.3000
"20070608",655.2500
"20070607",668.7500
"20070606",669.7000
"20070605",671.5000
"20070604",671.1000
"20070601",666.5000
"20070531",659.1000
"20070530",652.6500
"20070529",660.1500
"20070525",655.3000
"20070524",659.0000
"20070523",662.0500
"20070522",662.0000
"20070521",658.0000
"20070518",657.0000
"20070517",656.7500
"20070516",667.7500
"20070515",668.2500
"20070514",670.2000
"20070511",669.0000
"20070510",673.5000
"20070509",683.0000
"20070508",684.2500
"20070504",688.8000
"20070503",674.2000
"20070502",669.5000
"20070501",673.6000
"20070430",677.0000
"20070427",677.5000
"20070426",673.0000
"20070425",684.0000
"20070424",688.4000
"20070423",688.7000
"20070420",691.4000
"20070419",681.9000
"20070418",688.7500
"20070417",688.0000
"20070416",686.5000
"20070413",681.7500
"20070412",677.2500
"20070411",678.2000
"20070410",677.4000
"20070405",673.5000
"20070404",672.2500
"20070403",664.2500
"20070402",658.2500
"20070330",661.7500
"20070329",661.0000
"20070328",666.7500
"20070327",664.0000
"20070326",663.0000
"20070323",656.2500
"20070322",663.0000
"20070321",658.7500
"20070320",659.0000
"20070319",655.0000
"20070316",653.2000
"20070315",648.5000
"20070314",643.2500
"20070313",650.8000
"20070312",647.7500
"20070309",652.2500
"20070308",654.2500
"20070307",646.4000
"20070306",643.7500
"20070305",636.7500
"20070302",651.9000
"20070301",670.4000
"20070228",664.2000
"20070227",676.2000
"20070226",685.7500
"20070223",683.0000
"20070222",676.6000
"20070221",661.2500
"20070220",663.9000
"20070219",670.7500
"20070216",665.1000
"20070215",664.7500
"20070214",668.2500
"20070213",667.8000
"20070212",664.5500
"20070209",664.5000
"20070208",656.0000
"20070207",653.7500
"20070206",653.2500
"20070205",649.4000
"20070202",645.7000
"20070201",660.2000
"20070131",650.5000
"20070130",645.2000
"20070129",644.7500
"20070126",645.5000
"20070125",651.7500
"20070124",642.1000
"20070123",642.5000
"20070122",639.0000
"20070119",629.0000
"20070118",635.0000
"20070117",626.5000
"20070116",627.0500
"20070115",627.0000
"20070112",619.7500
"20070111",612.0000
"20070110",608.4000
"20070109",609.6000
"20070108",609.5000
"20070105",609.5000
"20070104",628.7000
"20070103",642.6000
"20070102",639.7500
"20061228",632.0000
"20061227",628.5000
"20061221",620.5000
"20061220",619.2500
"20061219",620.5000
"20061218",614.0000
"20061215",623.7500
"20061214",627.4000
"20061213",624.0000
"20061212",628.0000
"20061211",626.7500
"20061208",637.4000
"20061207",627.7500
"20061206",636.0000
"20061205",645.9000
"20061204",646.0000
"20061201",648.7500
"20061130",646.7000
"20061129",637.5000
"20061128",637.0000
"20061127",638.7500
"20061124",639.5000
"20061123",630.2500
"20061122",631.8000
"20061121",624.5000
"20061120",625.5000
"20061117",620.5000
"20061116",624.7500
"20061115",617.7500
"20061114",627.0000
"20061113",623.5000
"20061110",629.3000
"20061109",625.2500
"20061108",623.2000
"20061107",625.7500
"20061106",626.1000
"20061103",622.7500
"20061102",620.7500
"20061101",614.1000
"20061031",603.7500
"20061030",608.5000
"20061027",596.2500
"20061026",596.2500
"20061025",580.7500
"20061024",575.6000
"20061023",582.7500
"20061020",596.6000
"20061019",597.2500
"20061018",594.0000
"20061017",590.0000
"20061016",595.1000
"20061013",586.1000
"20061012",573.0000
"20061011",574.1000
"20061010",571.4000
"20061009",575.2500
"20061006",560.7500
"20061005",573.3000
"20061004",573.6000
"20061003",582.2500
"20061002",600.6000
"20060929",599.2500
"20060928",603.0000
"20060927",593.7500
"20060926",591.0000
"20060925",584.7500
"20060922",589.0000
"20060921",578.7500
"20060920",580.2500
"20060919",583.5000
"20060918",580.5000
"20060915",573.6000
"20060914",584.4000
"20060913",589.0000
"20060912",590.7000
"20060911",588.0000
"20060908",610.0000
"20060907",621.5000
"20060906",635.4000
"20060905",637.7500
"20060904",626.7500
"20060901",621.0500
"20060831",623.5000
"20060830",617.7500
"20060829",613.4000
"20060825",621.2500
"20060824",623.7500
"20060823",628.1000
"20060822",622.7500
"20060821",625.0000
"20060818",613.9000
"20060817",625.5000
"20060816",629.7500
"20060815",625.5000
"20060814",624.6000
"20060811",644.5000
"20060810",644.7500
"20060809",649.0000
"20060808",646.0000
"20060807",649.7500
"20060804",652.2500
"20060803",644.4000
"20060802",654.4000
"20060801",637.2500
"20060731",632.5000
"20060728",637.1000
"20060727",639.0000
"20060726",614.3000
"20060725",618.7500
"20060724",605.7000
"20060721",634.0000
"20060720",642.5000
"20060719",641.6000
"20060718",645.0000
"20060717",652.5000
"20060714",663.2500
"20060713",649.5000
"20060712",650.0000
"20060711",630.7500
"20060710",626.0000
"20060707",631.5000
"20060706",626.0000
"20060705",623.0000
"20060704",622.0000
"20060703",622.9500
"20060630",613.5000
"20060629",589.2500
"20060628",582.7500
"20060627",588.7500
"20060626",583.5000
"20060623",579.6000
"20060622",584.5000
"20060621",574.6000
"20060620",567.0000
"20060619",571.0000
"20060616",574.0000
"20060615",569.5000
"20060614",567.7500
"20060613",586.5000
"20060612",609.2000
"20060609",616.0000
"20060608",614.0000
"20060607",617.7500
"20060606",627.0000
"20060605",641.8000
"20060602",632.2500
"20060601",625.0000
"20060531",653.0000
"20060530",660.5000
"20060526",642.2500
"20060525",642.5000
"20060524",648.5000
"20060523",666.7500
"20060522",652.5000
"20060519",651.5000
"20060518",693.5000
"20060517",699.5000
"20060516",692.0000
"20060515",687.5000
"20060512",725.0000
"20060511",715.5000
"20060510",699.9000
"20060509",691.2500
"20060508",675.5000
"20060505",678.0000
"20060504",673.5000
"20060503",673.6000
"20060502",661.0000
"20060428",644.0000
"20060427",638.0000
"20060426",635.5000
"20060425",634.7500
"20060424",622.5000
"20060421",623.5000
"20060420",625.0000
"20060419",624.7500
"20060418",614.7500
"20060413",593.0000
"20060412",597.2500
"20060411",597.7500
"20060410",597.2500
"20060407",589.7500
"20060406",592.5000
"20060405",586.5000
"20060404",588.0000
"20060403",587.0000
"20060331",582.0000
"20060330",584.0000
"20060329",565.0000
"20060328",567.5000
"20060327",565.0000
"20060324",556.7500
"20060323",546.5000
"20060322",550.7500
"20060321",547.5000
"20060320",555.7500
"20060317",552.7500
"20060316",552.7500
"20060315",556.5000
"20060314",545.8000
"20060313",543.5000
"20060310",535.0000
"20060309",550.1000
"20060308",544.7500
"20060307",553.0000
"20060306",565.2500
"20060303",565.0000
"20060302",563.7500
"20060301",564.2500
"20060228",556.0000
"20060227",553.2500
"20060224",554.1500
"20060223",551.2000
"20060222",553.0000
"20060221",554.0000
"20060220",554.5000
"20060217",551.7000
"20060216",538.7500
"20060215",540.5000
"20060214",539.7000
"20060213",549.3000
"20060210",557.0000
"20060209",560.2500
"20060208",548.7500
"20060207",558.7000
"20060206",569.7500
"20060203",569.0000
"20060202",572.1500
"20060201",568.2500
"20060131",568.7500
"20060130",565.0000
"20060127",561.7500
"20060126",556.5000
"20060125",561.7500
"20060124",557.2500
"20060123",554.5000
"20060120",567.2500
"20060119",554.7500
"20060118",545.0000
"20060117",553.2500
"20060116",561.7500
"20060113",548.2500
"20060112",542.5000
"20060111",544.4000
"20060110",543.5000
"20060109",541.5000
"20060106",535.2500
"20060105",524.7500
"20060104",529.5000
"20060103",530.0000
"20051229",513.0000
"20051228",518.0000
"20051222",500.0000
"20051221",489.0000
"20051220",502.5000
"20051219",508.7500
"20051216",507.0000
"20051215",506.2500
"20051214",509.5000
"20051213",522.5000
"20051212",536.5000
"20051209",525.5000
"20051208",515.7000
"20051207",515.4000
"20051206",504.2500
"20051205",505.6500
"20051202",502.5000
"20051201",499.7500
"20051130",495.6500
"20051129",496.0000
"20051128",496.0000
"20051125",495.9000
"20051124",493.4000
"20051123",487.6000
"20051122",492.6000
"20051121",488.9500
"20051118",485.8500
"20051117",486.1500
"20051116",475.7500
"20051115",468.2500
"20051114",467.5000
"20051111",466.7500
"20051110",467.0000
"20051109",462.5500
"20051108",461.6000
"20051107",456.5000
"20051104",460.5000
"20051103",461.8500
"20051102",460.8000
"20051101",459.5000
"20051031",470.7500
"20051028",470.7500
"20051027",474.4000
"20051026",473.2000
"20051025",472.2500
"20051024",466.1000
"20051021",462.8500
"20051020",464.3000
"20051019",465.9000
"20051018",472.0000
"20051017",474.5000
"20051014",466.0000
"20051013",469.5000
"20051012",475.1000
"20051011",475.5000
"20051010",473.2000
"20051007",472.7000
"20051006",471.8000
"20051005",463.5000
"20051004",467.4500
"20051003",466.1000
"20050930",473.2500
"20050929",472.4000
"20050928",464.0000
"20050927",464.1000
"20050926",461.7000
"20050923",462.6500
"20050922",466.2500
"20050921",469.1000
"20050920",464.8000
"20050919",464.5000
"20050916",457.2000
"20050915",454.8000
"20050914",449.3000
"20050913",445.4000
"20050912",448.3500
"20050909",448.2500
"20050908",448.5500
"20050907",445.0500
"20050906",444.1500
"20050905",446.0500
"20050902",443.6000
"20050901",439.6000
"20050831",433.2500
"20050830",430.6500
"20050826",436.7500
"20050825",438.8500
"20050824",440.0000
"20050823",439.3500
"20050822",439.6500
"20050819",439.6500
"20050818",439.6500
"20050817",442.0000
"20050816",443.0000
"20050815",443.5000
"20050812",447.2500
"20050811",440.7500
"20050810",436.5500
"20050809",433.3000
"20050808",436.2000
"20050805",438.2500
"20050804",438.6000
"20050803",434.6000
"20050802",431.0000
"20050801",431.6500
"20050729",429.0000
"20050728",426.4000
"20050727",424.0000
"20050726",423.2500
"20050725",425.4000
"20050722",425.0000
"20050721",424.2500
"20050720",422.1500
"20050719",419.2500
"20050718",420.9000
"20050715",418.3500
"20050714",424.3000
"20050713",424.5000
"20050712",426.2500
"20050711",424.2000
"20050708",424.4000
"20050707",425.2000
"20050706",423.5000
"20050705",423.7500
"20050704",427.4000
"20050701",432.6000
"20050630",437.1000
"20050629",435.8000
"20050628",437.0000
"20050627",439.3000
"20050624",440.5500
"20050623",439.1500
"20050622",437.0000
"20050621",435.2000
"20050620",439.3500
"20050617",437.5000
"20050616",433.0000
"20050615",428.7000
"20050614",426.8500
"20050613",429.1000
"20050610",422.5500
"20050609",422.5000
"20050608",424.5500
"20050607",424.1000
"20050606",425.8500
"20050603",423.5500
"20050602",420.4000
"20050601",415.3500
"20050531",414.4500
"20050527",418.2500
"20050526",418.0000
"20050525",418.4000
"20050524",418.3000
"20050523",418.0000
"20050520",418.0000
"20050519",420.8000
"20050518",419.7500
"20050517",420.0000
"20050516",419.2500
"20050513",420.0000
"20050512",424.2500
"20050511",426.1000
"20050510",427.4000
"20050509",425.5000
"20050506",425.1500
"20050505",429.1500
"20050504",428.8000
"20050503",427.9000
"20050429",435.7000
"20050428",432.5000
"20050427",434.3500
"20050426",437.0000
"20050425",432.9000
"20050422",434.6000
"20050421",434.0000
"20050420",433.2000
"20050419",427.4500
"20050418",425.7500
"20050415",424.6000
"20050414",423.4500
"20050413",427.5000
"20050412",427.3000
"20050411",429.0000
"20050408",425.2000
"20050407",428.0000
"20050406",425.7500
"20050405",424.6000
"20050404",423.9000
"20050401",427.1500
"20050331",427.5000
"20050330",426.4500
"20050329",426.1000
"20050324",425.1500
"20050323",426.1500
"20050322",432.1500
"20050321",432.7000
"20050318",437.1500
"20050317",438.6000
"20050316",443.0000
"20050315",440.6500
"20050314",441.9500
"20050311",443.7000
"20050310",440.9000
"20050309",439.5000
"20050308",437.2500
"20050307",433.0000
"20050304",433.4500
"20050303",430.2000
"20050302",431.7500
"20050301",433.4500
"20050228",435.4500
"20050225",434.2500
"20050224",433.7500
"20050223",432.6000
"20050222",432.8500
"20050221",427.1500
"20050218",427.1000
"20050217",426.2500
"20050216",423.1000
"20050215",424.4000
"20050214",424.2000
"20050211",418.8500
"20050210",415.5000
"20050209",411.1500
"20050208",411.1000
"20050207",414.4000
"20050204",415.9000
"20050203",416.5000
"20050202",421.6000
"20050201",420.9000
"20050131",422.1500
"20050128",426.8000
"20050127",424.5000
"20050126",425.8000
"20050125",424.5000
"20050124",427.3500
"20050121",423.3000
"20050120",422.9000
"20050119",424.9500
"20050118",421.7500
"20050117",422.2500
"20050114",422.5000
"20050113",423.6000
"20050112",426.6000
"20050111",421.3500
"20050110",420.0000
"20050107",422.2000
"20050106",424.3500
"20050105",426.0000
"20050104",427.7500
"20041230",435.6000
"20041229",440.2500
"20041223",441.1000
"20041222",441.0000
"20041221",440.9500
"20041220",442.4500
"20041217",438.9000
"20041216",439.5000
"20041215",439.0000
"20041214",437.1000
"20041213",435.1000
"20041210",434.0000
"20041209",437.1000
"20041208",436.9000
"20041207",451.8000
"20041206",453.0500
"20041203",448.6500
"20041202",454.2000
"20041201",452.8500
"20041130",453.4000
"20041129",451.2500
"20041126",451.0000
"20041125",451.1500
"20041124",448.6000
"20041123",448.1500
"20041122",447.8000
"20041119",445.6000
"20041118",442.0000
"20041117",443.4500
"20041116",439.4000
"20041115",437.6000
"20041112",436.0500
"20041111",433.8000
"20041110",433.4000
"20041109",433.6500
"20041108",431.9000
"20041105",431.0000
"20041104",430.5000
"20041103",423.5000
"20041102",424.2000
"20041101",428.8500
"20041029",425.5500
"20041028",424.2000
"20041027",428.2500
"20041026",427.5000
"20041025",429.1500
"20041022",422.8000
"20041021",422.5000
"20041020",423.6000
"20041019",419.3500
"20041018",419.1000
"20041015",420.4000
"20041014",415.3500
"20041013",411.2500
"20041012",414.7000
"20041011",421.7000
"20041008",421.7500
"20041007",418.1000
"20041006",418.4500
"20041005",415.4000
"20041004",412.5500
"20041001",418.1000
"20040930",415.6500
"20040929",412.9500
"20040928",411.7000
"20040927",409.2000
"20040924",407.8500
"20040923",411.5000
"20040922",405.3500
"20040921",408.5000
"20040920",404.3000
"20040917",405.7000
"20040916",403.4000
"20040915",404.4500
"20040914",405.2500
"20040913",399.3000
"20040910",401.3500
"20040909",398.7000
"20040908",396.3000
"20040907",398.1000
"20040906",401.6000
"20040903",401.1500
"20040902",406.1000
"20040901",407.6500
"20040831",407.2500
"20040827",405.1000
"20040826",406.0500
"20040825",406.0000
"20040824",406.2000
"20040823",410.6000
"20040820",410.5500
"20040819",406.5000
"20040818",402.4500
"20040817",401.3000
"20040816",401.6500
"20040813",396.7500
"20040812",394.1500
"20040811",393.8500
"20040810",399.5000
"20040809",399.0000
"20040806",399.0000
"20040805",390.8500
"20040804",391.5000
"20040803",390.9500
"20040802",391.5000
"20040730",391.4000
"20040729",387.3000
"20040728",387.3000
"20040727",389.8500
"20040726",390.7500
"20040723",391.5000
"20040722",397.7500
"20040721",398.5000
"20040720",400.0000
"20040719",406.3500
"20040716",406.3000
"20040715",403.1500
"20040714",403.8000
"20040713",400.9000
"20040712",406.3500
"20040709",406.5000
"20040708",405.3500
"20040707",399.6500
"20040706",394.5000
"20040705",398.2500
"20040702",397.7500
"20040701",394.8000
"20040630",395.8000
"20040629",394.4000
"20040628",404.2500
"20040625",401.5000
"20040624",400.0000
"20040623",393.9000
"20040622",395.7500
"20040621",395.2500
"20040618",395.1000
"20040617",386.1000
"20040616",385.2500
"20040615",386.5000
"20040614",385.1000
"20040611",384.8500
"20040610",384.9500
"20040609",386.8500
"20040608",392.3500
"20040607",393.6000
"20040604",388.3000
"20040603",390.3500
"20040602",394.8500
"20040601",397.2000
"20040528",393.2500
"20040527",393.6000
"20040526",389.6500
"20040525",388.9000
"20040524",384.0000
"20040521",385.3000
"20040520",379.5000
"20040519",380.7500
"20040518",377.7000
"20040517",382.9500
"20040514",376.5000
"20040513",375.1500
"20040512",382.2000
"20040511",375.2500
"20040510",375.0000
"20040507",380.8000
"20040506",387.5000
"20040505",392.5500
"20040504",391.2500
"20040430",388.5000
"20040429",386.0000
"20040428",392.2500
"20040427",396.2500
"20040426",397.0000
"20040423",394.5000
"20040422",392.3000
"20040421",392.7500
"20040420",396.8500
"20040419",403.1000
"20040416",400.8500
"20040415",398.2500
"20040414",397.7500
"20040413",407.9000
"20040408",419.5000
"20040407",419.0000
"20040406",418.5000
"20040405",417.7000
"20040402",419.0000
"20040401",427.2500
"20040331",423.7000
"20040330",420.0000
"20040329",421.2500
"20040326",421.5000
"20040325",416.1000
"20040324",415.2500
"20040323",416.2500
"20040322",417.6500
"20040319",412.0000
"20040318",410.7500
"20040317",402.7500
"20040316",402.5000
"20040315",398.1000
"20040312",398.0000
"20040311",398.4500
"20040310",400.2500
"20040309",401.5000
"20040308",399.8500
"20040305",399.2500
"20040304",392.0000
"20040303",390.5000
"20040302",395.7500
"20040301",400.0000
"20040227",395.8500
"20040226",393.2500
"20040225",400.2500
"20040224",402.2500
"20040223",399.5000
"20040220",405.2500
"20040219",409.8000
"20040218",414.5000
"20040217",414.5000
"20040216",411.7000
"20040213",416.0000
"20040212",411.6000
"20040211",405.7500
"20040210",408.5500
"20040209",405.9500
"20040206",404.2500
"20040205",399.5500
"20040204",399.2500
"20040203",401.4500
"20040202",398.3500
"20040130",399.7500
"20040129",405.7000
"20040128",411.0000
"20040127",405.7000
"20040126",408.2000
"20040123",409.0000
"20040122",409.2500
"20040121",407.6000
"20040120",409.2500
"20040119",406.6000
"20040116",408.4000
"20040115",412.5000
"20040114",419.5000
"20040113",425.5000
"20040112",425.2500
"20040109",423.3500
"20040108",421.0000
"20040107",421.7500
"20040106",424.4000
"20040105",420.6000
"20040102",415.2500
"20031230",416.2500
"20031229",412.0000
"20031223",409.2500
"20031222",410.4500
"20031219",409.7500
"20031218",407.5000
"20031217",408.2500
"20031216",408.0000
"20031215",407.5000
"20031212",407.1000
"20031211",404.1000
"20031210",410.0000
"20031209",407.7500
"20031208",406.1500
"20031205",402.4000
"20031204",402.2500
"20031203",401.8000
"20031202",401.3500
"20031201",400.2500
"20031128",398.3500
"20031127",395.4500
"20031126",396.0000
"20031125",391.7500
"20031124",391.9000
"20031121",395.5000
"20031120",394.3000
"20031119",395.1500
"20031118",393.9000
"20031117",393.7000
"20031114",396.7000
"20031113",395.4000
"20031112",389.7000
"20031111",387.8000
"20031110",383.5000
"20031107",378.9500
"20031106",380.2500
"20031105",378.7500
"20031104",377.9000
"20031103",383.2500
"20031031",386.2500
"20031030",386.5000
"20031029",385.4000
"20031028",384.4000
"20031027",386.0000
"20031024",388.2500
"20031023",384.5000
"20031022",384.7500
"20031021",378.2000
"20031020",373.8000
"20031017",370.5000
"20031016",373.4000
"20031015",373.5000
"20031014",373.9500
"20031013",370.2500
"20031010",372.3000
"20031009",370.6000
"20031008",375.2500
"20031007",376.1000
"20031006",371.3000
"20031003",384.2500
"20031002",382.2000
"20031001",383.5000
"20030930",388.0000
"20030929",381.9500
"20030926",382.7000
"20030925",390.7000
"20030924",385.0000
"20030923",384.6000
"20030922",385.5000
"20030919",379.7500
"20030918",378.3000
"20030917",374.2500
"20030916",374.6000
"20030915",373.5000
"20030912",378.2500
"20030911",376.3000
"20030910",380.0000
"20030909",382.2500
"20030908",374.6500
"20030905",375.8000
"20030904",370.7500
"20030903",370.0000
"20030902",373.7000
"20030901",376.2500
"20030829",375.6000
"20030828",369.8000
"20030827",371.2500
"20030826",360.5000
"20030822",358.7500
"20030821",363.3000
"20030820",363.7000
"20030819",360.4000
"20030818",360.2500
"20030815",364.5000
"20030814",363.6000
"20030813",358.6500
"20030812",360.1000
"20030811",359.1500
"20030808",353.9500
"20030807",351.6000
"20030806",352.0000
"20030805",348.4000
"20030804",347.5000
"20030801",352.3500
"20030731",354.7500
"20030730",357.7500
"20030729",363.5000
"20030728",365.6000
"20030725",363.0000
"20030724",357.3000
"20030723",354.7500
"20030722",352.0000
"20030721",350.0000
"20030718",344.3500
"20030717",342.5000
"20030716",343.2000
"20030715",348.2500
"20030714",347.5000
"20030711",343.7000
"20030710",343.4000
"20030709",344.1500
"20030708",347.2000
"20030707",348.1500
"20030704",351.3000
"20030703",349.4000
"20030702",351.5000
"20030701",350.2000
"20030630",346.0000
"20030627",345.5000
"20030626",343.8500
"20030625",348.1000
"20030624",348.2500
"20030623",355.0000
"20030620",358.0000
"20030619",357.6500
"20030618",359.7500
"20030617",362.7500
"20030616",358.3000
"20030613",353.0500
"20030612",352.2500
"20030611",354.2500
"20030610",354.2500
"20030609",362.7500
"20030606",363.0000
"20030605",366.7500
"20030604",364.2000
"20030603",365.0000
"20030602",364.7500
"20030530",361.4000
"20030529",363.1000
"20030528",359.5000
"20030527",371.4000
"20030523",370.5000
"20030522",369.6000
"20030521",367.8000
"20030520",366.3000
"20030519",359.0000
"20030516",355.0000
"20030515",354.2500
"20030514",353.5500
"20030513",350.4000
"20030512",351.1000
"20030509",347.9000
"20030508",346.4500
"20030507",341.8500
"20030506",342.8500
"20030502",340.5000
"20030501",341.2000
"20030430",336.7500
"20030429",331.4000
"20030428",332.6000
"20030425",333.2500
"20030424",333.7000
"20030423",333.3000
"20030422",334.9000
"20030417",327.0000
"20030416",324.1000
"20030415",325.4500
"20030414",325.9500
"20030411",324.8000
"20030410",324.6000
"20030409",321.3500
"20030408",323.4000
"20030407",319.9000
"20030404",323.8000
"20030403",323.7000
"20030402",329.3000
"20030401",334.3500
"20030331",334.8500
"20030328",330.7500
"20030327",332.7500
"20030326",329.9500
"20030325",331.9000
"20030324",329.4500
"20030321",333.5000
"20030320",335.8000
"20030319",335.8000
"20030318",338.8000
"20030317",340.7500
"20030314",335.2000
"20030313",334.5000
"20030312",346.1000
"20030311",348.7000
"20030310",354.4500
"20030307",350.7500
"20030306",354.7000
"20030305",353.9500
"20030304",353.4000
"20030303",345.5000
"20030228",347.4500
"20030227",351.2500
"20030226",351.9000
"20030225",357.6000
"20030224",355.2000
"20030221",352.3000
"20030220",351.5500
"20030219",346.0000
"20030218",344.1000
"20030217",347.0000
"20030214",354.2500
"20030213",352.8000
"20030212",356.3000
"20030211",364.0000
"20030210",370.5000
"20030207",373.2500
"20030206",375.8000
"20030205",382.1000
"20030204",376.5500
"20030203",369.5000
"20030131",367.5000
"20030130",367.6000
"20030129",369.9000
"20030128",368.4000
"20030127",368.5000
"20030124",366.0000
"20030123",364.7000
"20030122",358.5000
"20030121",353.8000
"20030120",355.8500
"20030117",357.0000
"20030116",352.3000
"20030115",351.0000
"20030114",353.1000
"20030113",352.5500
"20030110",353.0000
"20030109",352.4000
"20030108",349.7500
"20030107",349.0000
"20030106",351.7500
"20030103",344.5000
"20030102",343.8000
"20021230",347.2000
"20021227",349.3000
"20021223",343.9500
"20021220",341.6000
"20021219",345.0000
"20021218",338.0000
"20021217",339.0000
"20021216",333.0000
"20021213",332.2000
"20021212",326.4000
"20021211",324.2500
"20021210",323.1000
"20021209",325.1000
"20021206",325.7500
"20021205",322.4500
"20021204",322.1000
"20021203",319.7000
"20021202",316.4500
"20021129",319.0500
"20021128",317.6000
"20021127",317.8500
"20021126",317.5000
"20021125",317.4500
"20021122",317.7000
"20021121",317.6500
"20021120",318.8500
"20021119",319.7000
"20021118",318.7500
"20021115",319.1000
"20021114",318.6000
"20021113",324.0000
"20021112",321.7500
"20021111",320.7000
"20021108",321.7000
"20021107",319.2500
"20021106",317.3000
"20021105",318.5000
"20021104",317.5500
"20021101",319.8500
"20021031",316.9000
"20021030",316.5500
"20021029",317.1500
"20021028",314.4500
"20021025",313.0000
"20021024",311.7500
"20021023",312.1000
"20021022",312.5500
"20021021",312.6000
"20021018",312.7500
"20021017",310.7500
"20021016",314.0500
"20021015",316.2000
"20021014",317.7500
"20021011",316.8500
"20021010",318.9500
"20021009",319.3500
"20021008",319.0000
"20021007",321.7500
"20021004",320.3000
"20021003",322.1000
"20021002",322.2000
"20021001",321.7500
"20020930",323.7000
"20020927",320.0500
"20020926",319.6000
"20020925",325.1500
"20020924",326.3000
"20020923",322.5000
"20020920",322.3000
"20020919",322.2500
"20020918",318.7000
"20020917",315.9000
"20020916",315.3500
"20020913",318.8000
"20020912",318.8500
"20020911",315.5000
"20020910",319.1000
"20020909",322.5000
"20020906",319.2500
"20020905",317.5500
"20020904",313.0000
"20020903",313.5000
"20020902",312.0000
"20020830",312.8000
"20020829",312.1000
"20020828",311.1000
"20020827",310.5000
"20020823",305.9500
"20020822",305.4000
"20020821",306.5500
"20020820",308.0000
"20020819",310.1000
"20020816",314.2000
"20020815",312.6500
"20020814",315.6500
"20020813",313.8000
"20020812",316.7000
"20020809",312.9500
"20020808",312.1500
"20020807",312.2000
"20020806",305.7500
"20020805",309.5000
"20020802",305.0500
"20020801",302.2500
"20020731",304.6500
"20020730",305.4000
"20020729",303.0000
"20020726",304.9500
"20020725",309.4500
"20020724",311.2500
"20020723",319.7000
"20020722",322.9000
"20020719",322.9000
"20020718",317.6500
"20020717",316.1500
"20020716",318.2500
"20020715",319.0000
"20020712",316.7000
"20020711",314.1500
"20020710",314.8000
"20020709",313.8000
"20020708",311.7000
"20020705",311.3000
"20020704",310.6000
"20020703",310.8500
"20020702",314.4500
"20020701",312.1000
"20020628",318.5000
"20020627",318.8000
"20020626",321.5500
"20020625",321.7000
"20020624",326.4000
"20020621",322.7000
"20020620",322.3500
"20020619",320.6500
"20020618",318.3500
"20020617",317.8000
"20020614",322.1000
"20020613",318.7500
"20020612",319.7500
"20020611",316.8000
"20020610",322.5000
"20020607",326.4000
"20020606",324.1000
"20020605",322.0000
"20020531",326.6000
"20020530",326.0000
"20020529",327.0500
"20020528",320.2000
"20020527",320.0500
"20020524",320.9500
"20020523",317.1500
"20020522",317.1000
"20020521",315.2000
"20020520",311.5000
"20020517",310.6000
"20020516",310.1000
"20020515",308.3000
"20020514",308.4000
"20020513",310.7500
"20020510",311.1500
"20020509",308.8500
"20020508",310.5000
"20020507",312.0000
"20020503",310.4500
"20020502",307.6000
"20020501",308.3500
"20020430",308.2000
"20020429",309.7000
"20020426",306.6000
"20020425",307.2500
"20020424",304.2000
"20020423",302.7000
"20020422",303.7000
"20020419",301.8000
"20020418",304.2500
"20020417",300.8500
"20020416",297.7500
"20020415",300.1000
"20020412",300.3500
"20020411",301.3000
"20020410",298.0000
"20020409",298.7000
"20020408",300.4500
"20020405",301.0000
"20020404",301.7000
"20020403",303.7500
"20020402",304.0000
"20020328",301.4000
"20020327",299.0000
"20020326",296.1000
"20020325",297.7000
"20020322",294.2500
"20020321",292.7500
"20020320",291.8500
"20020319",293.1000
"20020318",292.0500
"20020315",290.3000
"20020314",291.2000
"20020313",293.1500
"20020312",293.6000
"20020311",291.2000
"20020308",289.1500
"20020307",291.0000
"20020306",292.7000
"20020305",297.8000
"20020304",297.4000
"20020301",295.4000
"20020228",296.8500
"20020227",297.4000
"20020226",294.2000
"20020225",291.9500
"20020222",292.7500
"20020221",292.1500
"20020220",291.3000
"20020219",296.5000
"20020218",297.3500
"20020215",299.8500
"20020214",299.0000
"20020213",297.4000
"20020212",298.9000
"20020211",297.7500
"20020208",304.3000
"20020207",299.5000
"20020206",299.5000
"20020205",291.9500
"20020204",287.4000
"20020201",283.9000
"20020131",282.3000
"20020130",281.5000
"20020129",277.9000
"20020128",279.1000
"20020125",279.0000
"20020124",279.2000
"20020123",280.7500
"20020122",282.0500
"20020121",282.3000
"20020118",283.2000
"20020117",285.0000
"20020116",284.6000
"20020115",284.2000
"20020114",286.3500
"20020111",285.7500
"20020110",286.8500
"20020109",281.1000
"20020108",278.6000
"20020107",278.6000
"20020104",277.7500
"20020103",278.8000
"20020102",278.3500
"20011228",276.5000
"20011227",277.7000
"20011221",277.5000
"20011220",276.1000
"20011219",278.6500
"20011218",278.8500
"20011217",277.7500
"20011214",277.0500
"20011213",274.3500
"20011212",273.5000
"20011211",272.2000
"20011210",272.6500
"20011207",274.1000
"20011206",274.5500
"20011205",275.0000
"20011204",276.6000
"20011203",276.3500
"20011130",275.5000
"20011129",274.8000
"20011128",274.4000
"20011127",273.3000
"20011126",272.6000
"20011123",273.1000
"20011122",272.7500
"20011121",272.8000
"20011120",272.9500
"20011119",273.6000
"20011116",274.5000
"20011115",275.4500
"20011114",278.2500
"20011113",276.5000
"20011112",280.0000
"20011109",277.1500
"20011108",279.9500
"20011107",280.3000
"20011106",278.9500
"20011105",278.2500
"20011102",279.9000
"20011101",280.6000
"20011031",278.7500
"20011030",280.4000
"20011029",278.6000
"20011026",277.2500
"20011025",276.7000
"20011024",275.5000
"20011023",276.0500
"20011022",275.9000
"20011019",279.1500
"20011018",281.0000
"20011017",281.6000
"20011016",281.1000
"20011015",281.8500
"20011012",281.8000
"20011011",281.8500
"20011010",287.1500
"20011009",290.0000
"20011008",291.8500
"20011005",291.2000
"20011004",290.3500
"20011003",290.1000
"20011002",291.6500
"20011001",290.6000
"20010928",293.1000
"20010927",289.8000
"20010926",291.4500
"20010925",288.0000
"20010924",288.2000
"20010921",292.5000
"20010920",288.5000
"20010919",288.1000
"20010918",289.4000
"20010917",293.2500
"20010914",285.7500
"20010913",280.2500
"20010912",279.0000
"20010911",287.0000
"20010910",271.5000
"20010907",273.6000
"20010906",272.0500
"20010905",271.3000
"20010904",272.3000
"20010903",273.3500
"20010831",273.0000
"20010830",272.3000
"20010829",272.8500
"20010828",271.0500
"20010824",272.8000
"20010823",274.8500
"20010822",275.8500
"20010821",276.3000
"20010820",276.6500
"20010817",277.4500
"20010816",275.9000
"20010815",275.3500
"20010814",274.5000
"20010813",275.6000
"20010810",275.8000
"20010809",270.0000
"20010808",266.4000
"20010807",266.4500
"20010806",267.2000
"20010803",267.8500
"20010802",267.0000
"20010801",267.3500
"20010731",265.9000
"20010730",266.3000
"20010727",266.1500
"20010726",267.5000
"20010725",268.4000
"20010724",268.7500
"20010723",268.7000
"20010720",269.7000
"20010719",270.3000
"20010718",268.5500
"20010717",267.6000
"20010716",268.2500
"20010713",266.3500
"20010712",266.3000
"20010711",267.5500
"20010710",267.4500
"20010709",266.1000
"20010706",265.1000
"20010705",266.3000
"20010704",267.6000
"20010703",268.5000
"20010702",268.3500
"20010629",270.6000
"20010628",269.5000
"20010627",274.8000
"20010626",274.0000
"20010625",272.9000
"20010622",273.3000
"20010621",271.7000
"20010620",271.5000
"20010619",273.4000
"20010618",272.0000
"20010615",272.2000
"20010614",272.4000
"20010613",271.9500
"20010612",269.9000
"20010611",268.5000
"20010608",267.0000
"20010607",266.1000
"20010606",265.5000
"20010605",265.7000
"20010604",266.5000
"20010601",265.4000
"20010531",267.5000
"20010530",271.0000
"20010529",275.7500
"20010525",276.2500
"20010524",286.0500
"20010523",283.1500
"20010522",284.1500
"20010521",291.2500
"20010518",273.0000
"20010517",274.0000
"20010516",270.9000
"20010515",266.6000
"20010514",268.3500
"20010511",269.0500
"20010510",268.4500
"20010509",267.8500
"20010508",265.2000
"20010504",266.6000
"20010503",266.4000
"20010502",263.9500
"20010501",264.0000
"20010430",263.1500
"20010427",264.6000
"20010426",263.5000
"20010425",263.5000
"20010424",263.4000
"20010423",262.6000
"20010420",263.8500
"20010419",263.1000
"20010418",258.8500
"20010417",260.5500
"20010412",259.2500
"20010411",257.7000
"20010410",256.6500
"20010409",259.0000
"20010406",258.8000
"20010405",258.1000
"20010404",259.4500
"20010403",257.1000
"20010402",255.9500
"20010330",257.7000
"20010329",260.1500
"20010328",260.1500
"20010327",262.0000
"20010326",262.2000
"20010323",262.8500
"20010322",261.1500
"20010321",262.0000
"20010320",261.5500
"20010319",260.5500
"20010316",260.7000
"20010315",262.0500
"20010314",263.8500
"20010313",269.3000
"20010312",272.5000
"20010309",269.8000
"20010308",263.6500
"20010307",260.6500
"20010306",261.8500
"20010305",262.5000
"20010302",263.1000
"20010301",266.3500
"20010228",266.7000
"20010227",268.3000
"20010226",263.2000
"20010223",260.4500
"20010222",258.8500
"20010221",257.5000
"20010220",256.2500
"20010219",259.4500
"20010216",257.4500
"20010215",258.5500
"20010214",260.2500
"20010213",260.7500
"20010212",261.1000
"20010209",259.9000
"20010208",262.9500
"20010207",263.1500
"20010206",262.7000
"20010205",265.4500
"20010202",266.7000
"20010201",267.6500
"20010131",264.5000
"20010130",264.9500
"20010129",262.8500
"20010126",263.5500
"20010125",264.9000
"20010124",264.2500
"20010123",266.1000
"20010122",266.1500
"20010119",264.9000
"20010118",264.9000
"20010117",263.5000
"20010116",264.4500
"20010115",263.5000
"20010112",263.7000
"20010111",264.1500
"20010110",266.3000
"20010109",267.0000
"20010108",268.3000
"20010105",267.4000
"20010104",267.1000
"20010103",267.1500
"20010102",271.1000
"20001228",274.4500
"20001227",275.0500
"20001221",273.1000
"20001220",272.4500
"20001219",269.5500
"20001218",270.2000
"20001215",270.3500
"20001214",269.3000
"20001213",269.6000
"20001212",270.7500
"20001211",270.7000
"20001210",274.0000
"20001209",274.6500
"20001208",272.9500
"20001207",279.9500
"20001206",284.6000
"20001205",276.6500
"20001204",280.4000
"20001201",282.2500
"20001130",269.1000
"20001129",269.1000
"20001128",269.9500
"20001127",268.1500
"20001124",265.5500
"20001123",265.7000
"20001122",266.1500
"20001121",266.1500
"20001120",266.1500
"20001117",265.2500
"20001116",266.7000
"20001115",264.6000
"20001114",264.9500
"20001113",264.8500
"20001112",270.7000
"20001110",272.7500
"20001109",272.5500
"20001108",272.7000
"20001107",282.8500
"20001106",265.7000
"20001105",276.7500
"20001104",282.5000
"20001103",264.6500
"20001102",311.5000
"20001101",282.2500
"20001031",264.5000
"20001030",264.7500
"20001027",263.8000
"20001026",266.4000
"20001025",266.8000
"20001024",270.2000
"20001023",271.4500
"20001020",270.4500
"20001019",270.3000
"20001018",272.0000
"20001017",270.2500
"20001016",271.6000
"20001013",273.2500
"20001012",274.0000
"20001011",264.8500
"20001010",270.5000
"20001009",270.0000
"20001008",272.2000
"20001007",284.1000
"20001006",270.0000
"20001005",277.6000
"20001004",282.2500
"20001003",290.2500
"20001002",309.0000
"20001001",281.6000
"20000929",273.6500
"20000928",276.4000
"20000927",276.1500
"20000926",274.8500
"20000925",272.8500
"20000922",273.9500
"20000921",269.5000
"20000920",271.4000
"20000919",271.8500
"20000918",273.0000
"20000915",272.6000
"20000914",273.1000
"20000913",272.5000
"20000912",274.6500
"20000911",264.6500
"20000910",270.0000
"20000908",272.0000
"20000907",272.7000
"20000906",284.4000
"20000905",276.3000
"20000904",276.6500
"20000903",290.5000
"20000902",308.6000
"20000901",277.0000
"20000831",277.0000
"20000830",273.3000
"20000829",274.0000
"20000825",273.6500
"20000824",272.6000
"20000823",273.1500
"20000822",273.4000
"20000821",274.6000
"20000818",275.6000
"20000817",277.2000
"20000816",276.3500
"20000815",274.1500
"20000814",275.4500
"20000812",272.9500
"20000811",264.1000
"20000810",272.2000
"20000809",272.7500
"20000808",273.1000
"20000807",273.2000
"20000806",285.7500
"20000805",277.9000
"20000804",273.9500
"20000803",291.2000
"20000802",296.2500
"20000801",277.6000
"20000731",276.7500
"20000728",278.1000
"20000727",279.8500
"20000726",279.4000
"20000725",279.7000
"20000724",279.7500
"20000721",279.3000
"20000720",279.3500
"20000719",279.2000
"20000718",282.7500
"20000717",282.4500
"20000714",280.2500
"20000713",280.8000
"20000712",273.9000
"20000711",265.5000
"20000710",284.1000
"20000709",272.7000
"20000708",273.2000
"20000707",282.8500
"20000706",284.1000
"20000705",286.8500
"20000704",280.1500
"20000703",289.7500
"20000702",312.7000
"20000701",282.1000
"20000630",288.1500
"20000629",289.7500
"20000628",288.0000
"20000627",283.8000
"20000626",284.0500
"20000623",285.8000
"20000622",287.6500
"20000621",286.0500
"20000620",286.2000
"20000619",285.9000
"20000616",290.1000
"20000615",287.4000
"20000614",287.1500
"20000613",291.5000
"20000612",271.6000
"20000611",265.7000
"20000610",270.0000
"20000609",274.1500
"20000608",285.7500
"20000607",284.9000
"20000606",288.4000
"20000605",283.2500
"20000604",279.3500
"20000603",288.8000
"20000602",281.6000
"20000601",279.4000
"20000531",272.2500
"20000530",273.1500
"20000526",271.3000
"20000525",273.3500
"20000524",273.7000
"20000523",274.0500
"20000522",274.0000
"20000519",273.1500
"20000518",272.8000
"20000517",273.1000
"20000516",276.0000
"20000515",275.0500
"20000512",270.8000
"20000511",276.7500
"20000510",270.4000
"20000509",275.0000
"20000508",277.9000
"20000507",286.8500
"20000506",283.2500
"20000505",280.7500
"20000504",281.3000
"20000503",275.6000
"20000502",275.4500
"20000501",280.4500
"20000428",275.0500
"20000426",276.2000
"20000425",279.5000
"20000420",279.8500
"20000419",281.3500
"20000418",281.1000
"20000417",281.7500
"20000414",282.0000
"20000413",281.4000
"20000412",270.7000
"20000411",282.5000
"20000410",271.3500
"20000409",276.6500
"20000408",273.9500
"20000407",286.5000
"20000406",279.3500
"20000405",280.0000
"20000404",276.8500
"20000403",277.5000
"20000402",293.6500
"20000401",272.4020
"20000331",276.7500
"20000330",275.7500
"20000329",279.7500
"20000328",280.6500
"20000327",284.1500
"20000324",284.8500
"20000323",284.7500
"20000322",287.8000
"20000321",285.1500
"20000320",285.7500
"20000317",283.9000
"20000316",287.3500
"20000315",289.1500
"20000314",288.7500
"20000313",290.6500
"20000311",264.6500
"20000310",272.1000
"20000309",290.5000
"20000308",275.5000
"20000307",287.6500
"20000306",288.8000
"20000305",275.6000
"20000304",277.5000
"20000303",288.5000
"20000302",285.0500
"20000301",292.9000
"20000229",293.6500
"20000228",292.5000
"20000225",294.0000
"20000224",298.7500
"20000223",302.0000
"20000222",302.2500
"20000221",305.2500
"20000218",303.5500
"20000217",304.7500
"20000216",302.5000
"20000215",304.2500
"20000214",308.3500
"20000211",264.8500
"20000210",273.1000
"20000209",308.6000
"20000208",277.6000
"20000207",312.7000
"20000206",281.6000
"20000205",275.4500
"20000204",293.6500
"20000203",289.9000
"20000202",285.6000
"20000201",283.0000
"20000131",283.3000
"20000128",286.7500
"20000127",285.5500
"20000126",285.9000
"20000125",288.0000
"20000124",287.2000
"20000121",287.7500
"20000120",288.1000
"20000119",287.6500
"20000118",285.8000
"20000117",285.3500
"20000114",283.3000
"20000113",282.1000
"20000112",269.2000
"20000111",265.5000
"20000110",281.6000
"20000109",277.0000
"20000108",277.6000
"20000107",282.1000
"20000106",272.5000
"20000105",280.4500
"20000104",281.5000
"20000103",292.9000
"20000102",283.0000
