"Time","Platinum Fixing (Evening) International  - 
  - $/oz"
"20170123",981.0000
"20170120",963.0000
"20170119",956.0000
"20170118",968.0000
"20170117",988.0000
"20170116",984.0000
"20170113",971.0000
"20170112",981.0000
"20170111",977.0000
"20170110",973.0000
"20170109",976.0000
"20170106",959.0000
"20170105",967.0000
"20170104",948.0000
"20170103",929.0000
"20161229",898.0000
"20161228",899.0000
"20161222",906.0000
"20161221",912.0000
"20161220",908.0000
"20161219",925.0000
"20161216",904.0000
"20161215",914.0000
"20161214",942.0000
"20161213",934.0000
"20161212",923.0000
"20161209",925.0000
"20161208",940.0000
"20161207",944.0000
"20161206",941.0000
"20161205",930.0000
"20161202",918.0000
"20161201",906.0000
"20161130",920.0000
"20161129",917.0000
"20161128",911.0000
"20161125",906.0000
"20161124",914.0000
"20161123",923.0000
"20161122",940.0000
"20161121",929.0000
"20161118",923.0000
"20161117",935.0000
"20161116",937.0000
"20161115",933.0000
"20161114",936.0000
"20161111",974.0000
"20161110",984.0000
"20161109",1014.0000
"20161108",1003.0000
"20161107",995.0000
"20161104",1003.0000
"20161103",986.0000
"20161102",994.0000
"20161101",995.0000
"20161031",976.0000
"20161028",972.0000
"20161027",970.0000
"20161026",961.0000
"20161025",958.0000
"20161024",947.0000
"20161021",927.0000
"20161020",935.0000
"20161019",942.0000
"20161018",940.0000
"20161017",932.0000
"20161014",933.0000
"20161013",935.0000
"20161012",947.0000
"20161011",958.0000
"20161010",967.0000
"20161007",975.0000
"20161006",973.0000
"20161005",983.0000
"20161004",998.0000
"20161003",1013.0000
"20160930",1034.0000
"20160929",1021.0000
"20160928",1018.0000
"20160927",1033.0000
"20160926",1036.0000
"20160923",1055.0000
"20160922",1059.0000
"20160921",1043.0000
"20160920",1022.0000
"20160919",1021.0000
"20160916",1012.0000
"20160915",1031.0000
"20160914",1032.0000
"20160913",1046.0000
"20160912",1043.0000
"20160909",1073.0000
"20160908",1088.0000
"20160907",1097.0000
"20160906",1087.0000
"20160905",1065.0000
"20160902",1052.0000
"20160901",1043.0000
"20160831",1050.0000
"20160830",1067.0000
"20160826",1077.0000
"20160825",1074.0000
"20160824",1090.0000
"20160823",1108.0000
"20160822",1110.0000
"20160819",1106.0000
"20160818",1122.0000
"20160817",1109.0000
"20160816",1124.0000
"20160815",1112.0000
"20160812",1146.0000
"20160811",1165.0000
"20160810",1182.0000
"20160809",1143.0000
"20160808",1149.0000
"20160805",1146.0000
"20160804",1157.0000
"20160803",1161.0000
"20160802",1175.0000
"20160801",1150.0000
"20160729",1143.0000
"20160728",1143.0000
"20160727",1105.0000
"20160726",1087.0000
"20160725",1068.0000
"20160722",1092.0000
"20160721",1089.0000
"20160720",1067.0000
"20160719",1086.0000
"20160718",1083.0000
"20160715",1092.0000
"20160714",1085.0000
"20160713",1091.0000
"20160712",1092.0000
"20160711",1087.0000
"20160708",1082.0000
"20160707",1086.0000
"20160706",1070.0000
"20160705",1063.0000
"20160704",1066.0000
"20160701",1039.0000
"20160630",999.0000
"20160629",997.0000
"20160628",975.0000
"20160627",986.0000
"20160624",987.0000
"20160623",963.0000
"20160622",980.0000
"20160621",974.0000
"20160620",978.0000
"20160617",968.0000
"20160616",985.0000
"20160615",981.0000
"20160614",985.0000
"20160613",993.0000
"20160610",996.0000
"20160609",993.0000
"20160608",1016.0000
"20160607",986.0000
"20160606",989.0000
"20160603",979.0000
"20160602",965.0000
"20160601",976.0000
"20160531",971.0000
"20160527",984.0000
"20160526",1003.0000
"20160525",994.0000
"20160524",1006.0000
"20160523",1007.0000
"20160520",1025.0000
"20160519",1010.0000
"20160518",1034.0000
"20160517",1042.0000
"20160516",1058.0000
"20160513",1042.0000
"20160512",1057.0000
"20160511",1067.0000
"20160510",1043.0000
"20160509",1053.0000
"20160506",1072.0000
"20160505",1064.0000
"20160504",1061.0000
"20160503",1081.0000
"20160429",1065.0000
"20160428",1040.0000
"20160427",1019.0000
"20160426",1005.0000
"20160425",1015.0000
"20160422",1028.0000
"20160421",1041.0000
"20160420",1018.0000
"20160419",999.0000
"20160418",978.0000
"20160415",986.0000
"20160414",993.0000
"20160413",994.0000
"20160412",990.0000
"20160411",981.0000
"20160408",957.0000
"20160407",955.0000
"20160406",942.0000
"20160405",961.0000
"20160404",954.0000
"20160403",961.0000
"20160402",954.0000
"20160401",957.0000
"20160331",976.0000
"20160330",971.0000
"20160329",948.0000
"20160324",957.0000
"20160323",960.0000
"20160322",991.0000
"20160321",978.0000
"20160318",972.0000
"20160317",988.0000
"20160316",963.0000
"20160315",956.0000
"20160314",963.0000
"20160311",974.0000
"20160310",979.0000
"20160309",980.0000
"20160308",1005.0000
"20160307",1002.0000
"20160306",942.0000
"20160304",960.0000
"20160303",940.0000
"20160302",931.0000
"20160301",943.0000
"20160229",919.0000
"20160226",928.0000
"20160225",930.0000
"20160224",950.0000
"20160223",929.0000
"20160222",922.0000
"20160219",941.0000
"20160218",933.0000
"20160217",939.0000
"20160216",933.0000
"20160215",938.0000
"20160212",957.0000
"20160211",948.0000
"20160210",926.0000
"20160209",932.0000
"20160208",913.0000
"20160205",899.0000
"20160204",897.0000
"20160203",861.0000
"20160202",863.0000
"20160201",867.0000
"20160129",866.0000
"20160128",883.0000
"20160127",876.0000
"20160126",867.0000
"20160125",862.0000
"20160122",833.0000
"20160121",814.0000
"20160120",820.0000
"20160119",834.0000
"20160118",816.0000
"20160115",839.0000
"20160114",835.0000
"20160113",843.0000
"20160112",843.0000
"20160111",853.0000
"20160108",874.0000
"20160107",865.0000
"20160106",873.0000
"20160105",893.0000
"20160104",893.0000
"20151230",868.0000
"20151229",895.0000
"20151223",866.0000
"20151222",869.0000
"20151221",873.0000
"20151218",852.0000
"20151217",848.0000
"20151216",876.0000
"20151215",852.0000
"20151214",854.0000
"20151211",836.0000
"20151210",857.0000
"20151209",855.0000
"20151208",852.0000
"20151207",878.0000
"20151204",859.0000
"20151203",845.0000
"20151202",834.0000
"20151201",843.0000
"20151130",831.0000
"20151127",827.0000
"20151126",850.0000
"20151125",834.0000
"20151124",840.0000
"20151123",847.0000
"20151120",858.0000
"20151119",848.0000
"20151118",844.0000
"20151117",861.0000
"20151116",862.0000
"20151113",866.0000
"20151112",879.0000
"20151111",889.0000
"20151110",903.0000
"20151109",918.0000
"20151106",939.0000
"20151105",954.0000
"20151104",971.0000
"20151103",960.0000
"20151102",973.0000
"20151030",988.0000
"20151029",993.0000
"20151028",1005.0000
"20151027",989.0000
"20151026",993.0000
"20151023",1006.0000
"20151022",1000.0000
"20151021",1007.0000
"20151020",1013.0000
"20151019",1014.0000
"20151016",1007.0000
"20151015",988.0000
"20151014",990.0000
"20151013",983.0000
"20151012",993.0000
"20151009",978.0000
"20151008",934.0000
"20151007",945.0000
"20151006",931.0000
"20151005",915.0000
"20151002",912.0000
"20151001",908.0000
"20150930",908.0000
"20150929",911.0000
"20150928",922.0000
"20150925",945.0000
"20150924",935.0000
"20150923",937.0000
"20150922",946.0000
"20150921",972.0000
"20150918",988.0000
"20150917",960.0000
"20150916",964.0000
"20150915",959.0000
"20150914",952.0000
"20150911",971.0000
"20150910",987.0000
"20150909",992.0000
"20150908",998.0000
"20150907",986.0000
"20150904",991.0000
"20150903",1002.0000
"20150902",1007.0000
"20150901",1005.0000
"20150828",1003.0000
"20150827",990.0000
"20150826",973.0000
"20150825",994.0000
"20150824",986.0000
"20150821",1028.0000
"20150820",1017.0000
"20150819",993.0000
"20150818",989.0000
"20150817",990.0000
"20150814",997.0000
"20150813",988.0000
"20150812",990.0000
"20150811",983.0000
"20150810",971.0000
"20150807",946.0000
"20150806",948.0000
"20150805",951.0000
"20150804",955.0000
"20150803",971.0000
"20150731",979.0000
"20150730",984.0000
"20150729",983.0000
"20150728",976.0000
"20150727",976.0000
"20150724",979.0000
"20150723",987.0000
"20150722",964.0000
"20150721",982.0000
"20150720",981.0000
"20150717",998.0000
"20150716",1005.0000
"20150715",1019.0000
"20150714",1030.0000
"20150713",1023.0000
"20150710",1032.0000
"20150709",1032.0000
"20150708",1016.0000
"20150707",1046.0000
"20150706",1047.0000
"20150703",1082.0000
"20150702",1083.0000
"20150701",1082.0000
"20150630",1078.0000
"20150629",1081.0000
"20150626",1074.0000
"20150625",1075.0000
"20150624",1067.0000
"20150623",1061.0000
"20150622",1068.0000
"20150619",1085.0000
"20150618",1088.0000
"20150617",1073.0000
"20150616",1084.0000
"20150615",1077.0000
"20150612",1095.0000
"20150611",1108.0000
"20150610",1117.0000
"20150609",1109.0000
"20150608",1098.0000
"20150605",1092.0000
"20150604",1100.0000
"20150603",1109.0000
"20150602",1105.0000
"20150601",1109.0000
"20150529",1115.0000
"20150528",1115.0000
"20150527",1122.0000
"20150526",1127.0000
"20150522",1143.0000
"20150521",1146.0000
"20150520",1153.0000
"20150519",1155.0000
"20150518",1174.0000
"20150515",1158.0000
"20150514",1152.0000
"20150513",1143.0000
"20150512",1134.0000
"20150511",1132.0000
"20150508",1140.0000
"20150507",1130.0000
"20150506",1144.0000
"20150505",1156.0000
"20150501",1127.0000
"20150430",1136.0000
"20150429",1158.0000
"20150428",1144.0000
"20150427",1125.0000
"20150424",1128.0000
"20150423",1129.0000
"20150422",1138.0000
"20150421",1152.0000
"20150420",1150.0000
"20150417",1161.0000
"20150416",1167.0000
"20150415",1148.0000
"20150414",1147.0000
"20150413",1154.0000
"20150410",1171.0000
"20150409",1162.0000
"20150408",1169.0000
"20150407",1167.0000
"20150402",1154.0000
"20150401",1142.0000
"20150331",1129.0000
"20150330",1119.0000
"20150327",1138.0000
"20150326",1154.0000
"20150325",1146.0000
"20150324",1132.0000
"20150323",1141.0000
"20150320",1129.0000
"20150319",1115.0000
"20150318",1088.0000
"20150317",1099.0000
"20150316",1113.0000
"20150313",1115.0000
"20150312",1118.0000
"20150311",1123.0000
"20150310",1139.0000
"20150309",1152.0000
"20150306",1166.0000
"20150305",1186.0000
"20150304",1178.0000
"20150303",1185.0000
"20150302",1185.0000
"20150227",1177.0000
"20150226",1181.0000
"20150225",1166.0000
"20150224",1160.0000
"20150223",1163.0000
"20150220",1166.0000
"20150219",1170.0000
"20150218",1172.0000
"20150217",1192.0000
"20150216",1206.0000
"20150213",1201.0000
"20150212",1204.0000
"20150211",1200.0000
"20150210",1216.0000
"20150209",1215.0000
"20150206",1239.0000
"20150205",1235.0000
"20150204",1238.0000
"20150203",1228.0000
"20150202",1223.0000
"20150130",1221.0000
"20150129",1233.0000
"20150128",1257.0000
"20150127",1262.0000
"20150126",1256.0000
"20150123",1274.0000
"20150122",1279.0000
"20150121",1285.0000
"20150120",1267.0000
"20150119",1264.0000
"20150116",1262.0000
"20150115",1258.0000
"20150114",1242.0000
"20150113",1244.0000
"20150112",1233.0000
"20150109",1225.0000
"20150108",1221.0000
"20150107",1218.0000
"20150106",1213.0000
"20150105",1206.0000
"20150102",1193.0000
"20141230",1206.0000
"20141229",1214.0000
"20141223",1183.0000
"20141222",1195.0000
"20141219",1197.0000
"20141218",1205.0000
"20141217",1202.0000
"20141216",1217.0000
"20141215",1212.0000
"20141212",1231.0000
"20141211",1230.0000
"20141210",1241.0000
"20141209",1244.0000
"20141208",1231.0000
"20141205",1231.0000
"20141204",1239.0000
"20141203",1223.0000
"20141202",1220.0000
"20141201",1208.0000
"20141128",1205.0000
"20141127",1219.0000
"20141126",1221.0000
"20141125",1213.0000
"20141124",1222.0000
"20141121",1230.0000
"20141120",1204.0000
"20141119",1206.0000
"20141118",1205.0000
"20141117",1202.0000
"20141114",1178.0000
"20141113",1201.0000
"20141112",1204.0000
"20141111",1195.0000
"20141110",1209.0000
"20141107",1198.0000
"20141106",1193.0000
"20141105",1203.0000
"20141104",1228.0000
"20141103",1241.0000
"20141031",1227.0000
"20141030",1243.0000
"20141029",1269.5000
"20141028",1265.0000
"20141027",1253.0000
"20141024",1254.0000
"20141023",1261.0000
"20141022",1270.0000
"20141021",1281.0000
"20141020",1268.0000
"20141017",1259.0000
"20141016",1242.0000
"20141015",1257.0000
"20141014",1268.0000
"20141013",1257.0000
"20141010",1256.0000
"20141009",1282.0000
"20141008",1275.0000
"20141007",1259.0000
"20141006",1229.0000
"20141003",1249.0000
"20141002",1273.0000
"20141001",1277.0000
"20140930",1300.0000
"20140929",1306.0000
"20140926",1304.0000
"20140925",1310.0000
"20140924",1328.0000
"20140923",1337.0000
"20140922",1329.0000
"20140919",1344.0000
"20140918",1344.0000
"20140917",1365.0000
"20140916",1363.0000
"20140915",1368.0000
"20140912",1360.0000
"20140911",1378.0000
"20140910",1382.0000
"20140909",1395.0000
"20140908",1404.0000
"20140905",1406.0000
"20140904",1406.0000
"20140903",1408.0000
"20140902",1412.0000
"20140901",1423.0000
"20140829",1424.0000
"20140828",1428.0000
"20140827",1420.0000
"20140826",1423.0000
"20140822",1416.0000
"20140821",1419.0000
"20140820",1428.0000
"20140819",1443.0000
"20140818",1448.0000
"20140815",1446.0000
"20140814",1468.0000
"20140813",1471.0000
"20140812",1473.0000
"20140811",1471.0000
"20140808",1475.0000
"20140807",1466.0000
"20140806",1457.0000
"20140805",1454.0000
"20140804",1465.0000
"20140801",1462.0000
"20140731",1472.0000
"20140730",1480.0000
"20140729",1485.0000
"20140728",1486.0000
"20140725",1473.0000
"20140724",1469.0000
"20140723",1486.0000
"20140722",1487.0000
"20140721",1494.0000
"20140718",1497.0000
"20140717",1497.0000
"20140716",1479.0000
"20140715",1497.0000
"20140714",1494.0000
"20140711",1506.0000
"20140710",1512.0000
"20140709",1504.0000
"20140708",1499.0000
"20140707",1501.0000
"20140704",1503.0000
"20140703",1502.0000
"20140702",1511.0000
"20140701",1497.0000
"20140630",1480.0000
"20140627",1479.0000
"20140626",1466.0000
"20140625",1459.0000
"20140624",1469.0000
"20140623",1453.0000
"20140620",1456.0000
"20140619",1459.0000
"20140618",1451.0000
"20140617",1427.0000
"20140616",1441.0000
"20140613",1437.0000
"20140612",1438.0000
"20140611",1483.0000
"20140610",1478.0000
"20140609",1449.0000
"20140606",1453.0000
"20140605",1440.0000
"20140604",1422.0000
"20140603",1431.0000
"20140602",1437.0000
"20140530",1464.0000
"20140529",1447.0000
"20140528",1455.0000
"20140527",1467.0000
"20140523",1483.0000
"20140522",1492.0000
"20140521",1474.0000
"20140520",1469.0000
"20140519",1483.0000
"20140516",1464.0000
"20140515",1471.0000
"20140514",1472.5000
"20140513",1453.0000
"20140512",1440.0000
"20140509",1429.0000
"20140508",1435.0000
"20140507",1443.0000
"20140506",1450.0000
"20140502",1425.0000
"20140501",1412.0000
"20140430",1424.0000
"20140429",1424.0000
"20140428",1428.0000
"20140425",1418.0000
"20140424",1394.0000
"20140423",1400.0000
"20140422",1403.0000
"20140417",1437.0000
"20140416",1442.0000
"20140415",1435.0000
"20140414",1466.0000
"20140411",1454.0000
"20140410",1455.0000
"20140409",1435.0000
"20140408",1437.0000
"20140407",1435.0000
"20140404",1444.0000
"20140403",1436.0000
"20140402",1434.0000
"20140401",1429.0000
"20140331",1418.0000
"20140328",1401.0000
"20140327",1404.0000
"20140326",1411.0000
"20140325",1432.0000
"20140324",1433.0000
"20140321",1439.0000
"20140320",1436.0000
"20140319",1454.0000
"20140318",1454.0000
"20140317",1474.0000
"20140314",1478.0000
"20140313",1476.0000
"20140312",1473.0000
"20140311",1483.0000
"20140310",1476.0000
"20140307",1474.0000
"20140306",1484.0000
"20140305",1481.0000
"20140304",1449.0000
"20140303",1454.0000
"20140228",1455.0000
"20140227",1447.0000
"20140226",1432.5000
"20140225",1435.0000
"20140224",1430.0000
"20140221",1422.5000
"20140220",1413.0000
"20140219",1424.0000
"20140218",1424.0000
"20140217",1429.0000
"20140214",1426.0000
"20140213",1397.0000
"20140212",1403.0000
"20140211",1380.0000
"20140210",1390.0000
"20140207",1379.0000
"20140206",1380.0000
"20140205",1383.0000
"20140204",1374.0000
"20140203",1386.0000
"20140131",1382.0000
"20140130",1388.0000
"20140129",1416.0000
"20140128",1418.0000
"20140127",1421.0000
"20140124",1443.0000
"20140123",1454.0000
"20140122",1458.0000
"20140121",1444.0000
"20140120",1470.0000
"20140117",1447.0000
"20140116",1424.0000
"20140115",1416.0000
"20140114",1433.0000
"20140113",1436.0000
"20140110",1425.0000
"20140109",1415.0000
"20140108",1405.0000
"20140107",1414.0000
"20140106",1409.0000
"20140103",1404.0000
"20140102",1388.0000
"20131230",1357.0000
"20131227",1374.0000
"20131223",1332.0000
"20131220",1328.0000
"20131219",1321.0000
"20131218",1354.0000
"20131217",1354.0000
"20131216",1355.0000
"20131213",1367.0000
"20131212",1371.0000
"20131211",1388.0000
"20131210",1393.0000
"20131209",1373.0000
"20131206",1367.0000
"20131205",1364.0000
"20131204",1357.0000
"20131203",1345.0000
"20131202",1357.0000
"20131129",1376.0000
"20131128",1357.0000
"20131127",1377.0000
"20131126",1381.0000
"20131125",1383.0000
"20131122",1396.0000
"20131121",1393.0000
"20131120",1404.0000
"20131119",1410.0000
"20131118",1430.0000
"20131115",1438.0000
"20131114",1451.0000
"20131113",1438.0000
"20131112",1437.0000
"20131111",1430.0000
"20131108",1446.0000
"20131107",1453.0000
"20131106",1465.0000
"20131105",1451.0000
"20131104",1453.0000
"20131101",1453.0000
"20131031",1450.0000
"20131030",1477.0000
"20131029",1466.0000
"20131028",1462.0000
"20131025",1440.0000
"20131024",1447.0000
"20131023",1440.0000
"20131022",1432.0000
"20131021",1438.0000
"20131018",1438.0000
"20131017",1420.0000
"20131016",1392.0000
"20131015",1372.0000
"20131014",1379.0000
"20131011",1369.0000
"20131010",1385.0000
"20131009",1385.0000
"20131008",1407.0000
"20131007",1386.0000
"20131004",1386.0000
"20131003",1373.0000
"20131002",1389.0000
"20131001",1377.0000
"20130930",1411.0000
"20130927",1416.0000
"20130926",1424.0000
"20130925",1426.0000
"20130924",1422.0000
"20130923",1424.0000
"20130920",1447.0000
"20130919",1469.0000
"20130918",1420.0000
"20130917",1436.0000
"20130916",1442.0000
"20130913",1441.0000
"20130912",1444.0000
"20130911",1477.0000
"20130910",1471.0000
"20130909",1490.0000
"20130906",1498.0000
"20130905",1487.0000
"20130904",1496.0000
"20130903",1529.0000
"20130902",1524.0000
"20130830",1514.0000
"20130829",1527.0000
"20130828",1528.0000
"20130827",1546.0000
"20130823",1538.0000
"20130822",1523.0000
"20130821",1518.0000
"20130820",1512.0000
"20130819",1513.0000
"20130816",1524.0000
"20130815",1504.0000
"20130814",1491.0000
"20130813",1506.0000
"20130812",1503.0000
"20130809",1492.0000
"20130808",1465.0000
"20130807",1425.0000
"20130806",1430.0000
"20130805",1444.0000
"20130802",1436.0000
"20130801",1437.0000
"20130731",1433.0000
"20130730",1439.0000
"20130729",1436.0000
"20130726",1428.0000
"20130725",1443.0000
"20130724",1444.0000
"20130723",1424.0000
"20130722",1442.0000
"20130719",1422.0000
"20130718",1413.0000
"20130717",1424.0000
"20130716",1426.0000
"20130715",1410.0000
"20130712",1403.0000
"20130711",1401.0000
"20130710",1370.0000
"20130709",1362.0000
"20130708",1355.0000
"20130705",1327.0000
"20130704",1339.0000
"20130703",1361.0000
"20130702",1375.0000
"20130701",1357.0000
"20130628",1317.0000
"20130627",1318.0000
"20130626",1329.0000
"20130625",1349.0000
"20130624",1360.0000
"20130621",1365.0000
"20130620",1391.0000
"20130619",1437.0000
"20130618",1427.0000
"20130617",1443.0000
"20130614",1448.0000
"20130613",1458.0000
"20130612",1481.5000
"20130611",1487.0000
"20130610",1498.0000
"20130607",1505.0000
"20130606",1515.0000
"20130605",1503.0000
"20130604",1486.0000
"20130603",1487.0000
"20130531",1459.0000
"20130530",1464.0000
"20130529",1455.0000
"20130528",1450.0000
"20130524",1455.0000
"20130523",1455.0000
"20130522",1474.0000
"20130521",1456.0000
"20130520",1447.0000
"20130517",1470.0000
"20130516",1476.0000
"20130515",1496.0000
"20130514",1489.0000
"20130513",1485.0000
"20130510",1490.0000
"20130509",1506.0000
"20130508",1494.0000
"20130507",1484.0000
"20130503",1501.0000
"20130502",1487.0000
"20130501",1480.0000
"20130430",1507.0000
"20130429",1505.0000
"20130426",1483.0000
"20130425",1454.0000
"20130424",1427.0000
"20130423",1417.0000
"20130422",1434.0000
"20130419",1425.0000
"20130418",1432.0000
"20130417",1436.0000
"20130416",1446.0000
"20130415",1448.0000
"20130412",1514.0000
"20130411",1531.5000
"20130410",1533.0000
"20130409",1542.0000
"20130408",1532.0000
"20130405",1531.0000
"20130404",1526.0000
"20130403",1569.0000
"20130402",1579.0000
"20130328",1576.0000
"20130327",1575.0000
"20130326",1565.0000
"20130325",1575.0000
"20130322",1580.0000
"20130321",1583.0000
"20130320",1566.0000
"20130319",1579.0000
"20130318",1580.0000
"20130315",1593.0000
"20130314",1583.0000
"20130313",1595.0000
"20130312",1604.0000
"20130311",1594.0000
"20130308",1588.0000
"20130307",1596.0000
"20130306",1590.0000
"20130305",1587.0000
"20130304",1578.0000
"20130301",1579.0000
"20130228",1598.0000
"20130227",1609.0000
"20130226",1605.0000
"20130225",1620.0000
"20130222",1611.0000
"20130221",1607.0000
"20130220",1659.0000
"20130219",1685.0000
"20130218",1692.0000
"20130215",1676.0000
"20130214",1724.0000
"20130213",1730.0000
"20130212",1708.0000
"20130211",1708.0000
"20130208",1714.0000
"20130207",1736.0000
"20130206",1724.0000
"20130205",1702.0000
"20130204",1696.0000
"20130201",1687.0000
"20130131",1672.0000
"20130130",1688.0000
"20130129",1673.0000
"20130128",1681.0000
"20130125",1678.0000
"20130124",1680.0000
"20130123",1698.5000
"20130122",1687.0000
"20130121",1671.0000
"20130118",1677.0000
"20130117",1683.0000
"20130116",1678.0000
"20130115",1690.0000
"20130114",1658.0000
"20130111",1626.0000
"20130110",1621.0000
"20130109",1593.0000
"20130108",1567.0000
"20130107",1551.0000
"20130104",1557.0000
"20130103",1572.0000
"20130102",1566.0000
"20121228",1527.0000
"20121227",1536.0000
"20121221",1533.0000
"20121220",1575.0000
"20121219",1597.0000
"20121218",1611.0000
"20121217",1606.0000
"20121214",1613.0000
"20121213",1607.0000
"20121212",1639.0000
"20121211",1631.0000
"20121210",1622.0000
"20121207",1600.0000
"20121206",1582.0000
"20121205",1587.0000
"20121204",1587.0000
"20121203",1599.0000
"20121130",1612.0000
"20121129",1620.0000
"20121128",1589.0000
"20121127",1619.0000
"20121126",1613.0000
"20121123",1584.0000
"20121122",1582.0000
"20121121",1572.0000
"20121120",1577.0000
"20121119",1572.0000
"20121116",1554.0000
"20121115",1578.0000
"20121114",1583.0000
"20121113",1585.0000
"20121112",1567.0000
"20121109",1559.0000
"20121108",1544.0000
"20121107",1556.0000
"20121106",1543.0000
"20121105",1544.0000
"20121102",1552.0000
"20121101",1575.0000
"20121031",1570.0000
"20121030",1545.0000
"20121029",1539.0000
"20121026",1561.0000
"20121025",1572.0000
"20121024",1577.0000
"20121023",1577.0000
"20121022",1607.0000
"20121019",1633.0000
"20121018",1647.0000
"20121017",1656.0000
"20121016",1640.0000
"20121015",1641.0000
"20121012",1678.0000
"20121011",1681.0000
"20121010",1671.0000
"20121009",1695.0000
"20121008",1682.0000
"20121005",1711.0000
"20121004",1700.0000
"20121003",1685.0000
"20121002",1678.0000
"20121001",1678.0000
"20120928",1668.0000
"20120927",1652.0000
"20120926",1621.0000
"20120925",1633.0000
"20120924",1608.0000
"20120921",1642.0000
"20120920",1620.0000
"20120919",1633.0000
"20120918",1669.0000
"20120917",1696.0000
"20120914",1697.0000
"20120913",1659.0000
"20120912",1644.0000
"20120911",1606.0000
"20120910",1593.0000
"20120907",1593.0000
"20120906",1578.0000
"20120905",1564.0000
"20120904",1554.0000
"20120903",1543.0000
"20120831",1517.0000
"20120830",1522.0000
"20120829",1518.0000
"20120828",1521.0000
"20120824",1537.0000
"20120823",1540.0000
"20120822",1518.0000
"20120821",1504.0000
"20120820",1462.0000
"20120817",1455.0000
"20120816",1400.0000
"20120815",1400.0000
"20120814",1400.0000
"20120813",1401.0000
"20120810",1399.0000
"20120809",1411.0000
"20120808",1402.0000
"20120807",1410.0000
"20120806",1396.0000
"20120803",1390.0000
"20120802",1391.0000
"20120801",1394.0000
"20120731",1427.0000
"20120730",1409.0000
"20120727",1410.0000
"20120726",1408.0000
"20120725",1396.0000
"20120724",1395.0000
"20120723",1393.0000
"20120720",1408.0000
"20120719",1415.0000
"20120718",1405.0000
"20120717",1419.0000
"20120716",1420.0000
"20120713",1424.0000
"20120712",1410.0000
"20120711",1420.0000
"20120710",1449.0000
"20120709",1441.0000
"20120706",1450.0000
"20120705",1468.0000
"20120704",1485.0000
"20120703",1475.0000
"20120702",1441.0000
"20120629",1428.0000
"20120628",1402.0000
"20120627",1408.0000
"20120626",1433.0000
"20120625",1434.0000
"20120622",1435.0000
"20120621",1457.0000
"20120620",1459.0000
"20120619",1486.0000
"20120618",1484.0000
"20120615",1493.0000
"20120614",1485.0000
"20120613",1460.0000
"20120612",1443.0000
"20120611",1452.0000
"20120608",1417.0000
"20120607",1466.0000
"20120606",1458.0000
"20120601",1407.0000
"20120531",1405.0000
"20120530",1410.0000
"20120529",1435.0000
"20120528",1438.0000
"20120525",1423.0000
"20120524",1431.0000
"20120523",1430.0000
"20120522",1458.0000
"20120521",1458.0000
"20120518",1456.0000
"20120517",1449.0000
"20120516",1427.0000
"20120515",1449.0000
"20120514",1448.0000
"20120511",1466.0000
"20120510",1490.0000
"20120509",1499.0000
"20120508",1514.0000
"20120504",1530.0000
"20120503",1552.0000
"20120502",1562.0000
"20120501",1566.0000
"20120430",1570.0000
"20120427",1573.0000
"20120426",1555.0000
"20120425",1551.0000
"20120424",1553.0000
"20120423",1553.0000
"20120420",1579.0000
"20120419",1574.0000
"20120418",1578.0000
"20120417",1574.0000
"20120416",1570.0000
"20120413",1600.0000
"20120412",1585.0000
"20120411",1590.0000
"20120410",1605.0000
"20120405",1592.0000
"20120404",1616.0000
"20120403",1659.0000
"20120402",1641.0000
"20120330",1640.0000
"20120329",1641.0000
"20120328",1642.0000
"20120327",1662.0000
"20120326",1639.0000
"20120323",1617.0000
"20120322",1607.0000
"20120321",1640.0000
"20120320",1656.0000
"20120319",1673.0000
"20120316",1677.0000
"20120315",1676.0000
"20120314",1679.0000
"20120313",1691.0000
"20120312",1687.0000
"20120309",1655.0000
"20120308",1634.0000
"20120307",1627.0000
"20120306",1614.0000
"20120305",1672.0000
"20120302",1704.0000
"20120301",1686.0000
"20120229",1726.0000
"20120228",1712.0000
"20120227",1706.0000
"20120224",1714.0000
"20120223",1729.0000
"20120222",1698.0000
"20120221",1673.0000
"20120220",1647.0000
"20120217",1638.0000
"20120216",1610.0000
"20120215",1636.0000
"20120214",1628.0000
"20120213",1663.0000
"20120210",1638.0000
"20120209",1659.0000
"20120208",1647.0000
"20120207",1619.0000
"20120206",1609.0000
"20120203",1630.0000
"20120202",1620.0000
"20120201",1611.0000
"20120131",1624.0000
"20120130",1603.0000
"20120127",1608.0000
"20120126",1615.0000
"20120125",1546.0000
"20120124",1541.0000
"20120123",1545.0000
"20120120",1517.0000
"20120119",1530.0000
"20120118",1507.0000
"20120117",1523.0000
"20120116",1495.0000
"20120113",1479.0000
"20120112",1498.0000
"20120111",1489.0000
"20120110",1462.0000
"20120109",1403.0000
"20120106",1410.0000
"20120105",1415.0000
"20120104",1415.0000
"20120103",1406.0000
"20111229",1354.0000
"20111228",1408.0000
"20111222",1414.0000
"20111221",1425.0000
"20111220",1425.0000
"20111219",1419.0000
"20111216",1424.0000
"20111215",1415.0000
"20111214",1454.0000
"20111213",1492.0000
"20111212",1485.0000
"20111209",1496.0000
"20111208",1517.0000
"20111207",1518.0000
"20111206",1505.0000
"20111205",1534.0000
"20111202",1559.0000
"20111201",1561.0000
"20111130",1558.0000
"20111129",1537.0000
"20111128",1558.0000
"20111125",1529.0000
"20111124",1543.0000
"20111123",1554.0000
"20111122",1554.0000
"20111121",1567.0000
"20111118",1594.0000
"20111117",1607.0000
"20111116",1628.0000
"20111115",1629.0000
"20111114",1646.0000
"20111111",1628.0000
"20111110",1627.0000
"20111109",1650.0000
"20111108",1661.0000
"20111107",1634.0000
"20111104",1623.5000
"20111103",1625.0000
"20111102",1609.0000
"20111101",1572.0000
"20111031",1606.0000
"20111028",1629.0000
"20111027",1608.0000
"20111026",1580.0000
"20111025",1543.0000
"20111024",1537.0000
"20111021",1510.0000
"20111020",1490.0000
"20111019",1532.0000
"20111018",1523.0000
"20111017",1570.0000
"20111014",1553.0000
"20111013",1535.0000
"20111012",1546.0000
"20111011",1514.0000
"20111010",1513.0000
"20111007",1529.0000
"20111006",1495.0000
"20111005",1444.0000
"20111004",1481.0000
"20111003",1501.0000
"20110930",1511.0000
"20110929",1530.0000
"20110928",1556.0000
"20110927",1568.0000
"20110926",1570.0000
"20110923",1651.0000
"20110922",1725.0000
"20110921",1779.0000
"20110920",1774.0000
"20110919",1798.0000
"20110916",1798.0000
"20110915",1792.0000
"20110914",1815.5000
"20110913",1815.0000
"20110912",1810.0000
"20110909",1842.0000
"20110908",1848.0000
"20110907",1822.0000
"20110906",1866.0000
"20110905",1872.0000
"20110902",1873.0000
"20110901",1843.0000
"20110831",1845.0000
"20110830",1840.0000
"20110826",1812.0000
"20110825",1800.0000
"20110824",1865.0000
"20110823",1886.0000
"20110822",1887.0000
"20110819",1855.0000
"20110818",1836.0000
"20110817",1841.0000
"20110816",1811.0000
"20110815",1790.0000
"20110812",1800.0000
"20110811",1780.0000
"20110810",1754.0000
"20110809",1734.0000
"20110808",1725.0000
"20110805",1709.0000
"20110804",1753.0000
"20110803",1782.0000
"20110802",1793.0000
"20110801",1798.0000
"20110729",1779.0000
"20110728",1790.0000
"20110727",1814.0000
"20110726",1787.0000
"20110725",1791.0000
"20110722",1793.0000
"20110721",1780.0000
"20110720",1764.0000
"20110719",1773.0000
"20110718",1765.0000
"20110715",1760.0000
"20110714",1777.0000
"20110713",1750.0000
"20110712",1723.0000
"20110711",1731.0000
"20110708",1740.0000
"20110707",1734.0000
"20110706",1743.0000
"20110705",1731.0000
"20110704",1722.0000
"20110701",1708.0000
"20110630",1722.0000
"20110629",1716.0000
"20110628",1692.0000
"20110627",1679.0000
"20110624",1696.0000
"20110623",1707.0000
"20110622",1749.0000
"20110621",1740.0000
"20110620",1727.0000
"20110617",1751.0000
"20110616",1754.0000
"20110615",1784.0000
"20110614",1796.0000
"20110613",1815.0000
"20110610",1829.0000
"20110609",1831.0000
"20110608",1818.0000
"20110607",1824.0000
"20110606",1819.0000
"20110603",1807.0000
"20110602",1823.0000
"20110601",1828.0000
"20110531",1828.0000
"20110527",1786.0000
"20110526",1779.0000
"20110525",1774.0000
"20110524",1759.0000
"20110523",1750.0000
"20110520",1767.0000
"20110519",1766.0000
"20110518",1753.0000
"20110517",1760.0000
"20110516",1760.0000
"20110513",1774.0000
"20110512",1760.0000
"20110511",1793.0000
"20110510",1793.0000
"20110509",1791.0000
"20110506",1789.0000
"20110505",1802.0000
"20110504",1841.0000
"20110503",1858.0000
"20110428",1835.0000
"20110427",1812.0000
"20110426",1812.0000
"20110421",1812.0000
"20110420",1804.0000
"20110419",1780.0000
"20110418",1778.0000
"20110415",1787.0000
"20110414",1772.0000
"20110413",1786.0000
"20110412",1785.0000
"20110411",1802.0000
"20110408",1803.0000
"20110407",1780.0000
"20110406",1808.0000
"20110405",1787.0000
"20110404",1781.0000
"20110401",1773.0000
"20110331",1773.0000
"20110330",1760.0000
"20110329",1745.0000
"20110328",1730.0000
"20110325",1752.0000
"20110324",1762.0000
"20110323",1744.0000
"20110322",1736.0000
"20110321",1741.0000
"20110318",1720.0000
"20110317",1697.0000
"20110316",1726.0000
"20110315",1711.0000
"20110314",1762.0000
"20110311",1777.0000
"20110310",1778.0000
"20110309",1811.0000
"20110308",1808.0000
"20110307",1838.0000
"20110304",1828.0000
"20110303",1841.0000
"20110302",1846.0000
"20110301",1828.0000
"20110228",1804.0000
"20110225",1791.0000
"20110224",1772.0000
"20110223",1794.0000
"20110222",1821.0000
"20110221",1847.0000
"20110218",1836.0000
"20110217",1834.0000
"20110216",1828.0000
"20110215",1842.0000
"20110214",1830.0000
"20110211",1829.0000
"20110210",1831.0000
"20110209",1858.0000
"20110208",1848.0000
"20110207",1845.0000
"20110204",1838.0000
"20110203",1828.0000
"20110202",1830.0000
"20110201",1812.0000
"20110131",1781.0000
"20110128",1784.0000
"20110127",1807.0000
"20110126",1791.0000
"20110125",1787.0000
"20110124",1822.0000
"20110121",1817.0000
"20110120",1809.0000
"20110119",1845.0000
"20110118",1824.0000
"20110117",1803.0000
"20110114",1811.0000
"20110113",1824.0000
"20110112",1793.0000
"20110111",1758.0000
"20110110",1742.0000
"20110107",1735.0000
"20110106",1731.0000
"20110105",1722.0000
"20110104",1753.0000
"20101230",1755.0000
"20101229",1745.0000
"20101223",1720.0000
"20101222",1728.0000
"20101221",1717.0000
"20101220",1704.0000
"20101217",1696.0000
"20101216",1700.0000
"20101215",1701.0000
"20101214",1701.0000
"20101213",1699.0000
"20101210",1673.0000
"20101209",1691.0000
"20101208",1683.0000
"20101207",1724.0000
"20101206",1717.0000
"20101203",1718.0000
"20101202",1700.0000
"20101201",1675.0000
"20101130",1658.0000
"20101129",1636.0000
"20101126",1639.0000
"20101125",1655.0000
"20101124",1662.0000
"20101123",1640.0000
"20101122",1657.0000
"20101119",1650.0000
"20101118",1656.0000
"20101117",1637.0000
"20101116",1658.0000
"20101115",1675.0000
"20101112",1712.0000
"20101111",1754.0000
"20101110",1768.0000
"20101109",1786.0000
"20101108",1752.0000
"20101105",1764.0000
"20101104",1740.0000
"20101103",1709.0000
"20101102",1718.0000
"20101101",1715.0000
"20101029",1700.0000
"20101028",1685.0000
"20101027",1695.0000
"20101026",1696.0000
"20101025",1702.0000
"20101022",1673.0000
"20101021",1682.0000
"20101020",1670.0000
"20101019",1672.0000
"20101018",1686.0000
"20101015",1691.0000
"20101014",1708.0000
"20101013",1696.0000
"20101012",1685.5000
"20101011",1686.0000
"20101008",1683.0000
"20101007",1723.0000
"20101006",1694.0000
"20101005",1689.0000
"20101004",1667.0000
"20101001",1679.0000
"20100930",1662.0000
"20100929",1647.0000
"20100928",1614.0000
"20100927",1634.0000
"20100924",1645.0000
"20100923",1631.0000
"20100922",1632.0000
"20100921",1615.0000
"20100920",1616.0000
"20100917",1618.0000
"20100916",1602.0000
"20100915",1584.5000
"20100914",1569.0000
"20100913",1545.0000
"20100910",1545.0000
"20100909",1552.0000
"20100908",1555.0000
"20100907",1556.0000
"20100906",1562.0000
"20100903",1553.0000
"20100902",1550.0000
"20100901",1531.0000
"20100831",1515.0000
"20100827",1530.0000
"20100826",1531.0000
"20100825",1516.0000
"20100824",1494.0000
"20100823",1510.0000
"20100820",1512.0000
"20100819",1540.0000
"20100818",1537.0000
"20100817",1541.0000
"20100816",1534.0000
"20100813",1527.0000
"20100812",1524.0000
"20100811",1540.0000
"20100810",1539.0000
"20100809",1558.0000
"20100806",1571.0000
"20100805",1577.0000
"20100804",1590.0000
"20100803",1590.0000
"20100802",1587.0000
"20100730",1555.0000
"20100729",1553.0000
"20100728",1535.0000
"20100727",1560.0000
"20100726",1546.0000
"20100723",1541.0000
"20100722",1519.0000
"20100721",1524.0000
"20100720",1502.0000
"20100719",1499.0000
"20100716",1512.0000
"20100715",1530.0000
"20100714",1523.0000
"20100713",1534.0000
"20100712",1526.0000
"20100709",1527.0000
"20100708",1528.0000
"20100707",1512.0000
"20100706",1509.0000
"20100705",1506.0000
"20100702",1508.0000
"20100701",1514.0000
"20100630",1532.0000
"20100629",1545.0000
"20100628",1581.0000
"20100625",1556.0000
"20100624",1549.0000
"20100623",1575.0000
"20100622",1585.0000
"20100621",1605.0000
"20100618",1578.0000
"20100617",1577.0000
"20100616",1568.0000
"20100615",1558.0000
"20100614",1556.0000
"20100611",1539.0000
"20100610",1530.0000
"20100609",1537.0000
"20100608",1516.0000
"20100607",1500.0000
"20100604",1527.0000
"20100603",1565.0000
"20100602",1542.0000
"20100601",1550.0000
"20100528",1555.0000
"20100527",1535.0000
"20100526",1533.0000
"20100525",1493.0000
"20100524",1525.0000
"20100521",1492.0000
"20100520",1515.0000
"20100519",1612.0000
"20100518",1681.0000
"20100517",1692.0000
"20100514",1721.0000
"20100513",1728.0000
"20100512",1703.0000
"20100511",1689.0000
"20100510",1694.0000
"20100507",1651.0000
"20100506",1662.0000
"20100505",1636.0000
"20100504",1712.0000
"20100430",1738.0000
"20100429",1711.0000
"20100428",1714.0000
"20100427",1722.0000
"20100426",1752.0000
"20100423",1725.0000
"20100422",1731.0000
"20100421",1730.0000
"20100420",1714.0000
"20100419",1683.0000
"20100416",1708.0000
"20100415",1718.0000
"20100414",1728.0000
"20100413",1714.0000
"20100412",1728.0000
"20100409",1718.0000
"20100408",1707.0000
"20100407",1710.0000
"20100406",1700.0000
"20100401",1660.0000
"20100331",1645.0000
"20100330",1622.0000
"20100329",1611.0000
"20100326",1596.0000
"20100325",1593.0000
"20100324",1586.0000
"20100323",1598.0000
"20100322",1582.0000
"20100319",1617.0000
"20100318",1633.0000
"20100317",1636.0000
"20100316",1624.0000
"20100315",1616.0000
"20100312",1619.0000
"20100311",1580.0000
"20100310",1605.0000
"20100309",1574.0000
"20100308",1603.0000
"20100305",1578.0000
"20100304",1579.0000
"20100303",1580.0000
"20100302",1562.0000
"20100301",1548.0000
"20100226",1533.0000
"20100225",1514.0000
"20100224",1504.0000
"20100223",1518.0000
"20100222",1535.0000
"20100219",1513.0000
"20100218",1524.0000
"20100217",1542.0000
"20100216",1534.0000
"20100215",1513.0000
"20100212",1505.0000
"20100211",1511.0000
"20100210",1511.0000
"20100209",1496.0000
"20100208",1477.0000
"20100205",1475.0000
"20100204",1549.0000
"20100203",1578.0000
"20100202",1555.0000
"20100201",1520.0000
"20100129",1512.0000
"20100128",1517.0000
"20100127",1519.0000
"20100126",1512.0000
"20100125",1543.0000
"20100122",1540.0000
"20100121",1612.0000
"20100120",1627.0000
"20100119",1621.0000
"20100118",1615.0000
"20100115",1600.0000
"20100114",1600.0000
"20100113",1577.0000
"20100112",1576.0000
"20100111",1593.0000
"20100108",1569.0000
"20100107",1548.0000
"20100106",1556.0000
"20100105",1518.0000
"20100104",1500.0000
"20091230",1461.0000
"20091229",1472.0000
"20091223",1399.0000
"20091222",1410.0000
"20091221",1429.0000
"20091218",1417.0000
"20091217",1432.0000
"20091216",1457.0000
"20091215",1434.0000
"20091214",1436.0000
"20091211",1429.0000
"20091210",1416.0000
"20091209",1422.0000
"20091208",1439.0000
"20091207",1430.0000
"20091204",1472.0000
"20091203",1494.0000
"20091202",1485.0000
"20091201",1470.0000
"20091130",1442.0000
"20091127",1426.0000
"20091126",1455.0000
"20091125",1469.0000
"20091124",1458.0000
"20091123",1464.0000
"20091120",1435.0000
"20091119",1435.0000
"20091118",1449.0000
"20091117",1438.0000
"20091116",1424.0000
"20091113",1359.0000
"20091112",1365.0000
"20091111",1365.0000
"20091110",1354.0000
"20091109",1355.0000
"20091106",1347.0000
"20091105",1359.0000
"20091104",1359.0000
"20091103",1325.0000
"20091102",1330.0000
"20091030",1320.0000
"20091029",1328.0000
"20091028",1313.0000
"20091027",1323.0000
"20091026",1364.0000
"20091023",1372.0000
"20091022",1358.0000
"20091021",1346.0000
"20091020",1371.0000
"20091019",1352.0000
"20091016",1340.0000
"20091015",1337.0000
"20091014",1356.0000
"20091013",1356.0000
"20091012",1340.0000
"20091009",1337.0000
"20091008",1335.0000
"20091007",1323.0000
"20091006",1310.0000
"20091005",1279.0000
"20091002",1269.0000
"20091001",1292.0000
"20090930",1287.0000
"20090929",1270.0000
"20090928",1272.5000
"20090925",1281.0000
"20090924",1325.0000
"20090923",1325.0000
"20090922",1330.0000
"20090921",1310.0000
"20090918",1337.0000
"20090917",1336.0000
"20090916",1339.0000
"20090915",1303.0000
"20090914",1309.0000
"20090911",1292.0000
"20090910",1279.0000
"20090909",1286.0000
"20090908",1280.0000
"20090907",1255.0000
"20090904",1250.0000
"20090903",1241.0000
"20090902",1210.0000
"20090901",1234.0000
"20090828",1244.0000
"20090827",1234.0000
"20090826",1240.0000
"20090825",1243.0000
"20090824",1244.0000
"20090821",1239.0000
"20090820",1241.0000
"20090819",1230.0000
"20090818",1221.0000
"20090817",1232.0000
"20090814",1267.0000
"20090813",1264.0000
"20090812",1234.0000
"20090811",1247.0000
"20090810",1242.0000
"20090807",1260.0000
"20090806",1281.0000
"20090805",1278.0000
"20090804",1236.0000
"20090803",1215.0000
"20090731",1189.0000
"20090730",1180.0000
"20090729",1171.0000
"20090728",1213.0000
"20090727",1211.0000
"20090724",1186.0000
"20090723",1176.0000
"20090722",1166.0000
"20090721",1181.0000
"20090720",1181.0000
"20090717",1165.0000
"20090716",1165.0000
"20090715",1158.0000
"20090714",1129.0000
"20090713",1097.0000
"20090710",1095.0000
"20090709",1108.0000
"20090708",1110.0000
"20090707",1143.0000
"20090706",1150.0000
"20090703",1185.0000
"20090702",1185.0000
"20090701",1188.0000
"20090630",1186.0000
"20090629",1184.0000
"20090626",1203.0000
"20090625",1176.0000
"20090624",1173.0000
"20090623",1169.0000
"20090622",1186.0000
"20090619",1212.0000
"20090618",1206.0000
"20090617",1201.0000
"20090616",1227.0000
"20090615",1234.0000
"20090612",1241.0000
"20090611",1253.0000
"20090610",1267.0000
"20090609",1246.0000
"20090608",1226.0000
"20090605",1275.0000
"20090604",1250.0000
"20090603",1247.0000
"20090602",1217.0000
"20090601",1214.0000
"20090529",1175.0000
"20090528",1128.0000
"20090527",1134.0000
"20090526",1128.0000
"20090522",1149.0000
"20090521",1138.0000
"20090520",1144.0000
"20090519",1136.0000
"20090518",1108.0000
"20090515",1109.0000
"20090514",1106.0000
"20090513",1121.0000
"20090512",1130.0000
"20090511",1114.0000
"20090508",1149.0000
"20090507",1161.0000
"20090506",1136.0000
"20090505",1135.0000
"20090501",1076.0000
"20090430",1093.0000
"20090429",1088.0000
"20090428",1078.0000
"20090427",1145.0000
"20090424",1175.0000
"20090423",1177.0000
"20090422",1174.0000
"20090421",1158.0000
"20090420",1180.0000
"20090417",1215.0000
"20090416",1213.0000
"20090415",1216.0000
"20090414",1222.0000
"20090409",1195.0000
"20090408",1184.0000
"20090407",1161.0000
"20090406",1150.0000
"20090403",1159.0000
"20090402",1139.0000
"20090401",1128.0000
"20090331",1124.0000
"20090330",1120.0000
"20090327",1131.0000
"20090326",1152.0000
"20090325",1122.0000
"20090324",1109.0000
"20090323",1131.0000
"20090320",1110.0000
"20090319",1087.0000
"20090318",1044.0000
"20090317",1047.0000
"20090316",1054.0000
"20090313",1048.0000
"20090312",1052.0000
"20090311",1048.0000
"20090310",1041.0000
"20090309",1064.0000
"20090306",1071.0000
"20090305",1056.0000
"20090304",1039.0000
"20090303",1046.0000
"20090302",1090.0000
"20090227",1059.0000
"20090226",1058.0000
"20090225",1041.0000
"20090224",1064.0000
"20090223",1074.0000
"20090220",1086.0000
"20090219",1063.0000
"20090218",1087.0000
"20090217",1083.0000
"20090216",1064.0000
"20090213",1055.0000
"20090212",1067.0000
"20090211",1040.0000
"20090210",1031.0000
"20090209",981.0000
"20090206",989.0000
"20090205",981.0000
"20090204",962.0000
"20090203",963.0000
"20090202",966.0000
"20090130",983.0000
"20090129",953.0000
"20090128",956.0000
"20090127",948.0000
"20090126",952.0000
"20090123",928.0000
"20090122",930.0000
"20090121",927.0000
"20090120",947.0000
"20090119",954.0000
"20090116",943.0000
"20090115",918.0000
"20090114",935.0000
"20090113",931.0000
"20090112",964.0000
"20090109",988.0000
"20090108",987.0000
"20090107",1000.0000
"20090106",955.0000
"20090105",920.0000
"20090102",926.0000
"20081230",898.0000
"20081229",904.0000
"20081223",851.0000
"20081222",858.0000
"20081219",848.0000
"20081218",862.0000
"20081217",855.0000
"20081216",830.0000
"20081215",834.0000
"20081212",801.0000
"20081211",842.0000
"20081210",824.0000
"20081209",807.0000
"20081208",842.0000
"20081205",788.0000
"20081204",794.0000
"20081203",804.0000
"20081202",810.0000
"20081201",810.0000
"20081128",876.0000
"20081127",860.0000
"20081126",867.0000
"20081125",867.0000
"20081124",843.0000
"20081121",812.0000
"20081120",797.0000
"20081119",826.0000
"20081118",819.0000
"20081117",814.0000
"20081114",845.0000
"20081113",826.0000
"20081112",824.0000
"20081111",821.0000
"20081110",880.0000
"20081107",849.0000
"20081106",862.0000
"20081105",870.0000
"20081104",827.0000
"20081103",821.0000
"20081031",814.0000
"20081030",841.0000
"20081029",817.0000
"20081028",811.0000
"20081027",763.0000
"20081024",778.0000
"20081023",790.0000
"20081022",852.0000
"20081021",882.0000
"20081020",877.0000
"20081017",856.0000
"20081016",917.0000
"20081015",985.0000
"20081014",1032.0000
"20081013",987.0000
"20081010",1001.0000
"20081009",1027.0000
"20081008",1004.0000
"20081007",1008.0000
"20081006",983.0000
"20081003",959.0000
"20081002",995.0000
"20081001",1010.0000
"20080930",1004.0000
"20080929",1093.0000
"20080926",1140.0000
"20080925",1195.0000
"20080924",1225.0000
"20080923",1210.0000
"20080922",1197.0000
"20080919",1155.0000
"20080918",1132.0000
"20080917",1073.0000
"20080916",1081.0000
"20080915",1171.0000
"20080912",1187.0000
"20080911",1170.0000
"20080910",1213.0000
"20080909",1270.0000
"20080908",1376.0000
"20080905",1387.0000
"20080904",1412.0000
"20080903",1392.0000
"20080902",1380.0000
"20080901",1442.0000
"20080829",1479.0000
"20080828",1494.0000
"20080827",1440.0000
"20080826",1425.0000
"20080822",1427.0000
"20080821",1412.0000
"20080820",1365.0000
"20080819",1319.0000
"20080818",1384.0000
"20080815",1400.0000
"20080814",1512.0000
"20080813",1485.0000
"20080812",1494.0000
"20080811",1543.0000
"20080808",1552.0000
"20080807",1600.0000
"20080806",1612.0000
"20080805",1564.5000
"20080804",1587.0000
"20080801",1675.0000
"20080731",1758.0000
"20080730",1726.0000
"20080729",1757.0000
"20080728",1756.0000
"20080725",1726.0000
"20080724",1729.0000
"20080723",1771.0000
"20080722",1865.0000
"20080721",1852.0000
"20080718",1849.0000
"20080717",1893.0000
"20080716",1951.0000
"20080715",1987.0000
"20080714",2017.0000
"20080711",2030.0000
"20080710",1999.0000
"20080709",1969.0000
"20080708",1987.0000
"20080707",1990.0000
"20080704",2012.0000
"20080703",2033.0000
"20080702",2070.0000
"20080701",2075.0000
"20080630",2064.0000
"20080627",2053.0000
"20080626",2068.0000
"20080625",2012.0000
"20080624",2037.0000
"20080623",2045.0000
"20080620",2068.0000
"20080619",2067.0000
"20080618",2103.0000
"20080617",2047.0000
"20080616",2045.0000
"20080613",2043.0000
"20080612",2005.0000
"20080611",2022.0000
"20080610",2032.0000
"20080609",2047.0000
"20080606",2050.0000
"20080605",1974.0000
"20080604",1997.0000
"20080603",2009.0000
"20080602",2015.0000
"20080530",2008.0000
"20080529",1987.0000
"20080528",2054.0000
"20080527",2157.0000
"20080523",2182.0000
"20080522",2170.0000
"20080521",2170.0000
"20080520",2142.0000
"20080519",2160.0000
"20080516",2136.0000
"20080515",2065.0000
"20080514",2032.0000
"20080513",2062.0000
"20080512",2054.0000
"20080509",2079.0000
"20080508",2002.0000
"20080507",1930.0000
"20080506",1940.0000
"20080502",1878.0000
"20080501",1886.0000
"20080430",1929.0000
"20080429",1950.0000
"20080428",1964.0000
"20080425",1951.0000
"20080424",1994.0000
"20080423",2004.0000
"20080422",1985.0000
"20080421",2034.0000
"20080418",2026.0000
"20080417",2048.0000
"20080416",2024.0000
"20080415",1990.0000
"20080414",1955.0000
"20080411",2019.0000
"20080410",2028.0000
"20080409",1997.0000
"20080408",2004.0000
"20080407",2034.0000
"20080404",1989.0000
"20080403",1975.0000
"20080402",1927.0000
"20080401",1918.0000
"20080331",2040.0000
"20080328",1990.0000
"20080327",2002.0000
"20080326",1983.0000
"20080325",1954.0000
"20080320",1823.0000
"20080319",1890.0000
"20080318",1998.0000
"20080317",1995.0000
"20080314",2107.0000
"20080313",2100.0000
"20080312",2051.0000
"20080311",2055.0000
"20080310",1947.0000
"20080307",2082.0000
"20080306",2230.0000
"20080305",2189.0000
"20080304",2273.0000
"20080303",2174.0000
"20080229",2150.0000
"20080228",2131.0000
"20080227",2140.0000
"20080226",2123.0000
"20080225",2144.0000
"20080222",2155.0000
"20080221",2180.0000
"20080220",2073.0000
"20080219",2145.0000
"20080218",2109.0000
"20080215",2060.0000
"20080214",1981.0000
"20080213",1932.0000
"20080212",1937.0000
"20080211",1924.0000
"20080208",1860.0000
"20080207",1827.0000
"20080206",1813.0000
"20080205",1768.0000
"20080204",1786.0000
"20080201",1755.0000
"20080131",1731.0000
"20080130",1686.0000
"20080129",1690.0000
"20080128",1693.0000
"20080125",1681.0000
"20080124",1591.0000
"20080123",1546.0000
"20080122",1538.0000
"20080121",1547.0000
"20080118",1560.0000
"20080117",1564.0000
"20080116",1561.0000
"20080115",1575.0000
"20080114",1577.0000
"20080111",1564.0000
"20080110",1538.0000
"20080109",1550.0000
"20080108",1543.0000
"20080107",1531.0000
"20080104",1545.0000
"20080103",1535.0000
"20080102",1541.0000
"20071228",1530.0000
"20071227",1544.0000
"20071221",1516.0000
"20071220",1514.0000
"20071219",1510.0000
"20071218",1510.0000
"20071217",1482.0000
"20071214",1462.0000
"20071213",1477.0000
"20071212",1474.0000
"20071211",1462.0000
"20071210",1463.0000
"20071207",1458.0000
"20071206",1460.0000
"20071205",1468.0000
"20071204",1464.0000
"20071203",1450.0000
"20071130",1440.0000
"20071129",1440.0000
"20071128",1440.0000
"20071127",1456.0000
"20071126",1475.0000
"20071123",1475.0000
"20071122",1468.0000
"20071121",1468.0000
"20071120",1460.0000
"20071119",1455.0000
"20071116",1450.0000
"20071115",1423.0000
"20071114",1440.0000
"20071113",1415.0000
"20071112",1389.0000
"20071109",1434.0000
"20071108",1462.0000
"20071107",1470.0000
"20071106",1472.0000
"20071105",1458.0000
"20071102",1439.0000
"20071101",1443.0000
"20071031",1440.0000
"20071030",1443.0000
"20071029",1457.0000
"20071026",1454.0000
"20071025",1447.0000
"20071024",1437.0000
"20071023",1447.0000
"20071022",1431.0000
"20071019",1452.0000
"20071018",1446.0000
"20071017",1421.0000
"20071016",1410.0000
"20071015",1426.0000
"20071012",1416.0000
"20071011",1394.0000
"20071010",1389.0000
"20071009",1357.0000
"20071008",1369.0000
"20071005",1364.0000
"20071004",1357.0000
"20071003",1353.0000
"20071002",1359.0000
"20071001",1377.0000
"20070928",1377.0000
"20070927",1350.0000
"20070926",1348.0000
"20070925",1333.0000
"20070924",1331.0000
"20070921",1332.0000
"20070920",1323.0000
"20070919",1306.0000
"20070918",1300.0000
"20070917",1298.0000
"20070914",1294.0000
"20070913",1297.0000
"20070912",1299.0000
"20070911",1292.0000
"20070910",1292.0000
"20070907",1289.0000
"20070906",1281.0000
"20070905",1273.0000
"20070904",1270.0000
"20070903",1268.0000
"20070831",1268.0000
"20070830",1266.0000
"20070829",1260.0000
"20070828",1255.0000
"20070824",1240.0000
"20070823",1246.0000
"20070822",1240.0000
"20070821",1244.0000
"20070820",1249.0000
"20070817",1245.0000
"20070816",1245.0000
"20070815",1262.0000
"20070814",1272.0000
"20070813",1276.0000
"20070810",1269.0000
"20070809",1268.0000
"20070808",1286.0000
"20070807",1282.0000
"20070806",1294.0000
"20070803",1286.0000
"20070802",1287.0000
"20070801",1283.0000
"20070731",1292.0000
"20070730",1270.0000
"20070727",1284.0000
"20070726",1314.0000
"20070725",1317.0000
"20070724",1333.0000
"20070723",1329.0000
"20070720",1332.0000
"20070719",1322.0000
"20070718",1309.0000
"20070717",1309.0000
"20070716",1313.0000
"20070713",1313.0000
"20070712",1308.0000
"20070711",1306.0000
"20070710",1296.0000
"20070709",1303.0000
"20070706",1287.0000
"20070705",1290.0000
"20070704",1283.0000
"20070703",1281.0000
"20070702",1277.5000
"20070629",1273.0000
"20070628",1279.0000
"20070627",1266.0000
"20070626",1273.0000
"20070625",1288.0000
"20070622",1301.0000
"20070621",1290.0000
"20070620",1295.0000
"20070619",1289.0000
"20070618",1293.0000
"20070615",1278.0000
"20070614",1276.0000
"20070613",1275.0000
"20070612",1290.0000
"20070611",1291.0000
"20070608",1288.0000
"20070607",1300.0000
"20070606",1288.0000
"20070605",1296.0000
"20070604",1292.0000
"20070601",1290.0000
"20070531",1280.0000
"20070530",1257.0000
"20070529",1267.0000
"20070525",1276.0000
"20070524",1290.0000
"20070523",1295.0000
"20070522",1294.0000
"20070521",1305.0000
"20070518",1308.0000
"20070517",1302.0000
"20070516",1326.0000
"20070515",1320.0000
"20070514",1329.0000
"20070511",1324.0000
"20070510",1321.0000
"20070509",1326.0000
"20070508",1328.0000
"20070504",1311.0000
"20070503",1299.0000
"20070502",1285.0000
"20070501",1285.0000
"20070430",1286.0000
"20070427",1281.0000
"20070426",1300.0000
"20070425",1307.0000
"20070424",1321.0000
"20070423",1318.0000
"20070420",1317.0000
"20070419",1292.0000
"20070418",1281.0000
"20070417",1270.0000
"20070416",1276.0000
"20070413",1269.0000
"20070412",1266.0000
"20070411",1265.0000
"20070410",1262.0000
"20070405",1251.0000
"20070404",1248.0000
"20070403",1245.0000
"20070402",1235.0000
"20070330",1244.0000
"20070329",1241.0000
"20070328",1246.0000
"20070327",1239.0000
"20070326",1237.0000
"20070323",1232.0000
"20070322",1236.0000
"20070321",1232.0000
"20070320",1231.0000
"20070319",1226.0000
"20070316",1219.0000
"20070315",1215.0000
"20070314",1203.0000
"20070313",1220.0000
"20070312",1202.0000
"20070309",1203.0000
"20070308",1195.0000
"20070307",1186.0000
"20070306",1190.0000
"20070305",1165.0000
"20070302",1203.0000
"20070301",1248.0000
"20070228",1239.0000
"20070227",1230.0000
"20070226",1236.0000
"20070223",1234.0000
"20070222",1225.0000
"20070221",1210.0000
"20070220",1208.0000
"20070219",1217.0000
"20070216",1195.0000
"20070215",1213.0000
"20070214",1216.0000
"20070213",1194.0000
"20070212",1189.0000
"20070209",1196.0000
"20070208",1187.0000
"20070207",1195.0000
"20070206",1186.0000
"20070205",1165.0000
"20070202",1165.0000
"20070201",1191.0000
"20070131",1169.0000
"20070130",1170.0000
"20070129",1164.0000
"20070126",1169.0000
"20070125",1180.0000
"20070124",1166.0000
"20070123",1168.0000
"20070122",1160.0000
"20070119",1154.0000
"20070118",1157.0000
"20070117",1136.0000
"20070116",1142.0000
"20070115",1147.0000
"20070112",1137.0000
"20070111",1143.0000
"20070110",1143.0000
"20070109",1123.0000
"20070108",1118.0000
"20070105",1120.0000
"20070104",1128.0000
"20070103",1136.0000
"20070102",1135.0000
"20061228",1118.0000
"20061227",1124.0000
"20061221",1119.0000
"20061220",1122.0000
"20061219",1118.0000
"20061218",1104.0000
"20061215",1108.0000
"20061214",1110.0000
"20061213",1106.0000
"20061212",1110.0000
"20061211",1106.0000
"20061208",1117.0000
"20061207",1122.0000
"20061206",1126.0000
"20061205",1141.0000
"20061204",1158.0000
"20061201",1156.0000
"20061130",1171.0000
"20061129",1145.0000
"20061128",1185.0000
"20061127",1174.0000
"20061124",1192.0000
"20061123",1163.0000
"20061122",1140.0000
"20061121",1355.0000
"20061120",1262.0000
"20061117",1160.0000
"20061116",1196.0000
"20061115",1160.0000
"20061114",1186.0000
"20061113",1185.0000
"20061110",1220.0000
"20061109",1192.0000
"20061108",1167.0000
"20061107",1189.0000
"20061106",1177.5000
"20061103",1200.0000
"20061102",1108.0000
"20061101",1099.0000
"20061031",1073.0000
"20061030",1086.0000
"20061027",1072.0000
"20061026",1082.0000
"20061025",1063.0000
"20061024",1053.0000
"20061023",1072.0000
"20061020",1080.0000
"20061019",1080.0000
"20061018",1083.0000
"20061017",1086.0000
"20061016",1087.0000
"20061013",1073.0000
"20061012",1070.0000
"20061011",1065.0000
"20061010",1072.0000
"20061009",1087.0000
"20061006",1070.0000
"20061005",1085.0000
"20061004",1102.0000
"20061003",1123.0000
"20061002",1150.0000
"20060929",1140.0000
"20060928",1150.0000
"20060927",1140.0000
"20060926",1127.0000
"20060925",1127.0000
"20060922",1153.0000
"20060921",1132.0000
"20060920",1135.0000
"20060919",1160.0000
"20060918",1159.0000
"20060915",1150.0000
"20060914",1188.0000
"20060913",1189.0000
"20060912",1207.0000
"20060911",1199.5000
"20060908",1222.0000
"20060907",1254.0000
"20060906",1268.0000
"20060905",1267.0000
"20060904",1247.0000
"20060901",1241.0000
"20060831",1245.0000
"20060830",1230.0000
"20060829",1216.0000
"20060825",1223.0000
"20060824",1227.0000
"20060823",1231.0000
"20060822",1228.0000
"20060821",1232.0000
"20060818",1217.0000
"20060817",1241.0000
"20060816",1236.0000
"20060815",1225.0000
"20060814",1218.0000
"20060811",1245.0000
"20060810",1248.0000
"20060809",1243.0000
"20060808",1237.0000
"20060807",1249.0000
"20060804",1241.0000
"20060803",1239.0000
"20060802",1246.0000
"20060801",1231.0000
"20060731",1228.0000
"20060728",1215.0000
"20060727",1233.0000
"20060726",1217.0000
"20060725",1228.0000
"20060724",1196.0000
"20060721",1216.0000
"20060720",1220.0000
"20060719",1210.0000
"20060718",1230.5000
"20060717",1242.0000
"20060714",1252.0000
"20060713",1252.0000
"20060712",1258.0000
"20060711",1232.0000
"20060710",1215.0000
"20060707",1230.0000
"20060706",1230.0000
"20060705",1232.0000
"20060704",1230.0000
"20060703",1239.0000
"20060630",1226.0000
"20060629",1191.0000
"20060628",1189.0000
"20060627",1183.0000
"20060626",1184.0000
"20060623",1169.0000
"20060622",1186.0000
"20060621",1175.0000
"20060620",1158.0000
"20060619",1138.0000
"20060616",1158.0000
"20060615",1164.0000
"20060614",1125.0000
"20060613",1135.0000
"20060612",1177.0000
"20060609",1200.0000
"20060608",1218.0000
"20060607",1221.0000
"20060606",1233.0000
"20060605",1253.0000
"20060602",1240.0000
"20060601",1225.0000
"20060531",1280.0000
"20060530",1295.0000
"20060526",1292.0000
"20060525",1285.0000
"20060524",1295.0000
"20060523",1304.0000
"20060522",1278.0000
"20060519",1302.0000
"20060518",1325.0000
"20060517",1331.0000
"20060516",1297.0000
"20060515",1290.0000
"20060512",1325.0000
"20060511",1293.0000
"20060510",1245.0000
"20060509",1229.0000
"20060508",1188.0000
"20060505",1180.0000
"20060504",1174.0000
"20060503",1184.0000
"20060502",1170.0000
"20060428",1145.0000
"20060427",1127.0000
"20060426",1130.0000
"20060425",1127.0000
"20060424",1120.0000
"20060421",1115.0000
"20060420",1121.0000
"20060419",1117.0000
"20060418",1105.0000
"20060413",1075.0000
"20060412",1087.0000
"20060411",1086.0000
"20060410",1095.0000
"20060407",1074.0000
"20060406",1084.0000
"20060405",1070.0000
"20060404",1075.0000
"20060403",1072.0000
"20060331",1076.0000
"20060330",1084.0000
"20060329",1065.0000
"20060328",1067.0000
"20060327",1059.0000
"20060324",1042.0000
"20060323",1037.0000
"20060322",1040.0000
"20060321",1035.0000
"20060320",1036.0000
"20060317",1033.0000
"20060316",1028.0000
"20060315",1030.0000
"20060314",1018.0000
"20060313",1018.0000
"20060310",1006.0000
"20060309",1017.0000
"20060308",1010.0000
"20060307",1039.0000
"20060306",1049.0000
"20060303",1059.0000
"20060302",1051.0000
"20060301",1046.0000
"20060228",1051.0000
"20060227",1037.0000
"20060224",1032.0000
"20060223",1026.0000
"20060222",1024.0000
"20060221",1023.0000
"20060220",1030.0000
"20060217",1012.0000
"20060216",997.0000
"20060215",1014.0000
"20060214",1013.0000
"20060213",1029.0000
"20060210",1062.0000
"20060209",1066.0000
"20060208",1050.0000
"20060207",1062.0000
"20060206",1075.0000
"20060203",1079.0000
"20060202",1079.0000
"20060201",1074.0000
"20060131",1072.0000
"20060130",1073.0000
"20060127",1058.0000
"20060126",1052.0000
"20060125",1058.0000
"20060124",1043.0000
"20060123",1042.0000
"20060120",1045.0000
"20060119",1039.0000
"20060118",1027.0000
"20060117",1034.0000
"20060116",1049.0000
"20060113",1027.0000
"20060112",1017.0000
"20060111",1008.0000
"20060110",1017.0000
"20060109",996.0000
"20060106",993.0000
"20060105",987.0000
"20060104",990.0000
"20060103",982.0000
"20051229",965.0000
"20051228",969.0000
"20051222",958.0000
"20051221",953.0000
"20051220",963.0000
"20051219",974.0000
"20051216",959.0000
"20051215",954.0000
"20051214",968.0000
"20051213",995.0000
"20051212",1012.0000
"20051209",1004.0000
"20051208",991.0000
"20051207",998.0000
"20051206",987.0000
"20051205",998.0000
"20051202",1000.0000
"20051201",990.0000
"20051130",979.0000
"20051129",993.0000
"20051128",995.0000
"20051125",987.0000
"20051124",979.0000
"20051123",970.0000
"20051122",971.0000
"20051121",975.0000
"20051118",979.0000
"20051117",978.0000
"20051116",983.0000
"20051115",965.5000
"20051114",967.0000
"20051111",955.5000
"20051110",953.0000
"20051109",954.0000
"20051108",937.0000
"20051107",929.0000
"20051104",936.0000
"20051103",938.0000
"20051102",930.0000
"20051101",924.0000
"20051031",938.0000
"20051028",940.0000
"20051027",941.0000
"20051026",941.0000
"20051025",938.0000
"20051024",925.5000
"20051021",925.5000
"20051020",925.0000
"20051019",928.0000
"20051018",931.0000
"20051017",937.0000
"20051014",924.0000
"20051013",932.0000
"20051012",940.0000
"20051011",941.0000
"20051010",932.0000
"20051007",930.0000
"20051006",922.0000
"20051005",914.0000
"20051004",920.0000
"20051003",926.0000
"20050930",929.0000
"20050929",923.0000
"20050928",915.0000
"20050927",915.0000
"20050926",910.0000
"20050923",921.0000
"20050922",928.0000
"20050921",927.0000
"20050920",930.0000
"20050919",922.0000
"20050916",919.0000
"20050915",914.0000
"20050914",910.0000
"20050913",908.0000
"20050912",910.0000
"20050909",909.0000
"20050908",911.0000
"20050907",904.0000
"20050906",907.0000
"20050905",908.0000
"20050902",905.0000
"20050901",897.0000
"20050831",888.0000
"20050830",890.0000
"20050826",894.0000
"20050825",896.0000
"20050824",896.0000
"20050823",893.0000
"20050822",891.0000
"20050819",887.5000
"20050818",887.0000
"20050817",890.0000
"20050816",887.0000
"20050815",904.0000
"20050812",915.0000
"20050811",911.0000
"20050810",902.0000
"20050809",903.5000
"20050808",899.5000
"20050805",908.0000
"20050804",905.0000
"20050803",912.0000
"20050802",906.0000
"20050801",904.5000
"20050729",898.0000
"20050728",882.5000
"20050727",879.0000
"20050726",882.5000
"20050725",886.0000
"20050722",885.2500
"20050721",882.0000
"20050720",871.0000
"20050719",866.0000
"20050718",865.5000
"20050715",864.0000
"20050714",867.0000
"20050713",874.0000
"20050712",873.0000
"20050711",867.0000
"20050708",862.0000
"20050707",868.0000
"20050706",865.0000
"20050705",860.0000
"20050704",870.0000
"20050701",880.0000
"20050630",884.0000
"20050629",883.0000
"20050628",882.0000
"20050627",888.0000
"20050624",894.5000
"20050623",888.0000
"20050622",887.0000
"20050621",879.0000
"20050620",897.0000
"20050617",891.0000
"20050616",886.0000
"20050615",877.0000
"20050614",870.0000
"20050613",870.0000
"20050610",868.0000
"20050609",872.0000
"20050608",876.0000
"20050607",876.0000
"20050606",875.0000
"20050603",874.0000
"20050602",875.0000
"20050601",870.0000
"20050531",859.5000
"20050527",863.0000
"20050526",861.0000
"20050525",865.0000
"20050524",867.5000
"20050523",863.0000
"20050520",863.0000
"20050519",866.0000
"20050518",860.0000
"20050517",856.0000
"20050516",853.0000
"20050513",865.0000
"20050512",869.0000
"20050511",876.0000
"20050510",878.0000
"20050509",874.0000
"20050506",873.0000
"20050505",875.0000
"20050504",873.0000
"20050503",867.0000
"20050429",867.0000
"20050428",865.0000
"20050427",870.0000
"20050426",880.0000
"20050425",874.0000
"20050422",873.0000
"20050421",872.0000
"20050420",872.5000
"20050419",863.0000
"20050418",861.5000
"20050415",861.0000
"20050414",861.0000
"20050413",861.0000
"20050412",862.0000
"20050411",861.0000
"20050408",858.0000
"20050407",864.0000
"20050406",859.0000
"20050405",858.0000
"20050404",855.0000
"20050401",864.0000
"20050331",864.0000
"20050330",861.0000
"20050329",861.0000
"20050324",860.0000
"20050323",859.0000
"20050322",864.0000
"20050321",869.5000
"20050318",873.0000
"20050317",877.0000
"20050316",883.0000
"20050315",876.0000
"20050314",872.0000
"20050311",866.0000
"20050310",870.0000
"20050309",870.0000
"20050308",873.0000
"20050307",865.0000
"20050304",866.5000
"20050303",866.0000
"20050302",859.0000
"20050301",864.0000
"20050228",864.0000
"20050225",864.0000
"20050224",867.0000
"20050223",863.0000
"20050222",874.0000
"20050221",861.0000
"20050218",864.5000
"20050217",859.0000
"20050216",856.0000
"20050215",860.0000
"20050214",877.0000
"20050211",870.0000
"20050210",858.0000
"20050209",850.0000
"20050208",855.0000
"20050207",869.0000
"20050204",864.0000
"20050203",864.0000
"20050202",871.0000
"20050201",876.0000
"20050131",869.0000
"20050128",870.0000
"20050127",868.0000
"20050126",866.0000
"20050125",864.0000
"20050124",871.0000
"20050121",866.0000
"20050120",862.0000
"20050119",869.5000
"20050118",860.0000
"20050117",857.0000
"20050114",853.0000
"20050113",860.0000
"20050112",858.0000
"20050111",858.0000
"20050110",846.0000
"20050107",846.0000
"20050106",847.0000
"20050105",845.0000
"20050104",844.0000
"20041230",859.0000
"20041229",865.0000
"20041223",840.5000
"20041222",842.0000
"20041221",841.0000
"20041220",842.0000
"20041217",838.0000
"20041216",840.0000
"20041215",841.0000
"20041214",833.0000
"20041213",831.0000
"20041210",832.0000
"20041209",824.0000
"20041208",822.0000
"20041207",868.0000
"20041206",870.0000
"20041203",870.0000
"20041202",884.0000
"20041201",868.0000
"20041130",867.0000
"20041129",861.0000
"20041126",862.0000
"20041125",863.0000
"20041124",860.0000
"20041123",853.0000
"20041122",853.0000
"20041119",854.0000
"20041118",861.0000
"20041117",869.0000
"20041116",867.0000
"20041115",877.0000
"20041112",871.0000
"20041111",852.0000
"20041110",848.0000
"20041109",846.0000
"20041108",847.0000
"20041105",843.0000
"20041104",851.0000
"20041103",832.0000
"20041102",826.0000
"20041101",834.0000
"20041029",835.0000
"20041028",821.5000
"20041027",844.0000
"20041026",844.0000
"20041025",849.0000
"20041022",840.0000
"20041021",848.0000
"20041020",849.0000
"20041019",838.0000
"20041018",844.0000
"20041015",846.0000
"20041014",837.0000
"20041013",826.5000
"20041012",838.0000
"20041011",847.0000
"20041008",843.0000
"20041007",844.0000
"20041006",848.0000
"20041005",834.0000
"20041004",832.0000
"20041001",862.0000
"20040930",854.0000
"20040929",851.0000
"20040928",875.0000
"20040927",855.0000
"20040924",855.0000
"20040923",848.0000
"20040922",841.0000
"20040921",850.0000
"20040920",835.0000
"20040917",836.0000
"20040916",840.0000
"20040915",843.5000
"20040914",842.0000
"20040913",836.0000
"20040910",836.0000
"20040909",827.0000
"20040908",831.0000
"20040907",847.0000
"20040906",846.5000
"20040903",865.0000
"20040902",871.0000
"20040901",867.0000
"20040831",864.0000
"20040827",868.0000
"20040826",856.0000
"20040825",849.0000
"20040824",844.0000
"20040823",838.0000
"20040820",854.0000
"20040819",865.0000
"20040818",855.5000
"20040817",877.0000
"20040816",885.0000
"20040813",857.0000
"20040812",848.0000
"20040811",838.0000
"20040810",836.0000
"20040809",832.0000
"20040806",829.0000
"20040805",827.5000
"20040804",830.0000
"20040803",824.0000
"20040802",830.0000
"20040730",818.0000
"20040729",814.0000
"20040728",801.0000
"20040727",809.0000
"20040726",815.0000
"20040723",818.0000
"20040722",828.0000
"20040721",831.0000
"20040720",833.0000
"20040719",825.5000
"20040716",824.0000
"20040715",813.0000
"20040714",818.0000
"20040713",807.0000
"20040712",821.0000
"20040709",812.0000
"20040708",809.0000
"20040707",791.0000
"20040706",779.0000
"20040705",782.0000
"20040702",776.0000
"20040701",781.0000
"20040630",793.0000
"20040629",780.5000
"20040628",792.0000
"20040625",806.0000
"20040624",810.0000
"20040623",809.0000
"20040622",804.0000
"20040621",815.0000
"20040618",807.0000
"20040617",783.0000
"20040616",777.0000
"20040615",774.0000
"20040614",794.0000
"20040611",795.0000
"20040610",797.0000
"20040609",813.0000
"20040608",838.0000
"20040607",833.0000
"20040604",829.5000
"20040603",832.0000
"20040601",843.0000
"20040528",832.0000
"20040527",845.0000
"20040526",836.0000
"20040525",841.5000
"20040524",817.0000
"20040521",810.0000
"20040520",806.0000
"20040519",806.0000
"20040518",801.0000
"20040517",820.0000
"20040514",793.0000
"20040513",789.0000
"20040512",795.0000
"20040511",785.0000
"20040510",767.0000
"20040507",796.0000
"20040506",798.0000
"20040505",815.0000
"20040504",824.0000
"20040430",798.0000
"20040429",785.0000
"20040428",820.0000
"20040427",850.0000
"20040426",821.0000
"20040423",850.0000
"20040422",845.0000
"20040421",896.0000
"20040420",925.0000
"20040419",936.0000
"20040416",917.0000
"20040415",919.0000
"20040414",930.0000
"20040413",930.0000
"20040408",897.0000
"20040407",879.0000
"20040406",888.0000
"20040405",893.0000
"20040402",893.0000
"20040401",908.0000
"20040331",903.0000
"20040330",890.0000
"20040329",906.0000
"20040326",909.0000
"20040325",909.0000
"20040324",917.0000
"20040323",905.0000
"20040322",897.0000
"20040319",893.0000
"20040318",897.0000
"20040317",907.5000
"20040316",902.0000
"20040315",911.0000
"20040312",910.0000
"20040311",905.0000
"20040310",912.0000
"20040309",895.0000
"20040308",894.0000
"20040305",886.0000
"20040304",882.0000
"20040303",884.0000
"20040302",880.0000
"20040301",900.0000
"20040227",877.0000
"20040226",855.0000
"20040225",859.0000
"20040224",858.0000
"20040223",842.0000
"20040220",854.0000
"20040219",855.0000
"20040218",864.0000
"20040217",859.0000
"20040216",851.0000
"20040213",852.0000
"20040212",846.5000
"20040211",839.0000
"20040210",835.0000
"20040209",837.0000
"20040206",834.0000
"20040205",822.0000
"20040204",825.0000
"20040203",832.0000
"20040202",830.0000
"20040130",837.0000
"20040129",842.0000
"20040128",856.0000
"20040127",854.0000
"20040126",859.0000
"20040123",865.0000
"20040122",865.0000
"20040121",862.0000
"20040120",860.0000
"20040119",860.0000
"20040116",850.0000
"20040115",856.0000
"20040114",854.0000
"20040113",868.0000
"20040112",853.0000
"20040109",851.0000
"20040108",852.0000
"20040107",846.0000
"20040106",846.0000
"20040105",834.0000
"20040102",815.5000
"20031231",814.0000
"20031230",813.0000
"20031229",818.0000
"20031223",802.0000
"20031222",796.0000
"20031219",828.0000
"20031218",833.0000
"20031217",840.0000
"20031216",828.0000
"20031215",825.0000
"20031212",824.0000
"20031211",809.0000
"20031210",812.0000
"20031209",801.0000
"20031208",800.0000
"20031205",786.0000
"20031204",791.0000
"20031203",780.0000
"20031202",776.0000
"20031201",770.0000
"20031128",765.0000
"20031127",761.0000
"20031126",764.0000
"20031125",758.0000
"20031124",756.0000
"20031121",765.0000
"20031120",767.0000
"20031119",767.0000
"20031118",765.0000
"20031117",760.0000
"20031114",769.0000
"20031113",772.0000
"20031112",760.0000
"20031111",761.0000
"20031110",759.0000
"20031107",756.0000
"20031106",756.0000
"20031105",756.5000
"20031104",745.0000
"20031103",740.0000
"20031031",753.0000
"20031030",762.0000
"20031029",754.0000
"20031028",747.0000
"20031027",745.0000
"20031024",738.0000
"20031023",744.0000
"20031022",737.0000
"20031021",734.0000
"20031020",735.0000
"20031017",727.0000
"20031016",725.0000
"20031015",726.0000
"20031014",730.0000
"20031013",724.0000
"20031010",732.0000
"20031009",726.0000
"20031008",728.0000
"20031007",721.0000
"20031006",710.0000
"20031003",726.0000
"20031002",711.0000
"20031001",712.0000
"20030930",710.0000
"20030929",701.0000
"20030926",698.0000
"20030925",714.0000
"20030924",704.0000
"20030923",707.0000
"20030922",704.0000
"20030919",699.0000
"20030918",701.0000
"20030917",696.0000
"20030916",701.0000
"20030915",702.0000
"20030912",701.0000
"20030911",697.5000
"20030910",704.0000
"20030909",714.0000
"20030908",708.0000
"20030905",712.0000
"20030904",712.0000
"20030903",711.0000
"20030902",712.0000
"20030901",709.0000
"20030829",707.0000
"20030828",707.0000
"20030827",705.0000
"20030826",691.0000
"20030822",698.0000
"20030821",703.0000
"20030820",700.0000
"20030819",696.0000
"20030818",695.0000
"20030815",697.0000
"20030814",694.0000
"20030813",686.0000
"20030812",696.0000
"20030811",692.0000
"20030808",680.0000
"20030807",681.0000
"20030806",682.0000
"20030805",680.0000
"20030804",677.0000
"20030801",677.0000
"20030731",684.0000
"20030730",690.0000
"20030729",697.0000
"20030728",695.0000
"20030725",690.0000
"20030724",693.0000
"20030723",692.0000
"20030722",691.0000
"20030721",683.0000
"20030718",685.0000
"20030717",683.0000
"20030716",679.0000
"20030715",690.0000
"20030714",680.0000
"20030711",676.5000
"20030710",674.0000
"20030709",666.0000
"20030708",665.0000
"20030707",406.8000
"20030704",674.0000
"20030703",674.0000
"20030702",675.0000
"20030701",671.0000
"20030630",667.0000
"20030627",664.0000
"20030626",655.0000
"20030625",666.0000
"20030624",670.0000
"20030623",666.0000
"20030620",671.0000
"20030619",671.0000
"20030618",662.0000
"20030617",664.0000
"20030616",670.0000
"20030613",661.0000
"20030612",648.0000
"20030611",646.0000
"20030610",658.0000
"20030609",659.0000
"20030606",658.0000
"20030605",663.0000
"20030604",668.0000
"20030603",653.0000
"20030602",645.0000
"20030530",642.0000
"20030529",644.0000
"20030528",668.0000
"20030527",685.0000
"20030523",669.0000
"20030522",671.0000
"20030521",675.0000
"20030520",664.0000
"20030519",655.0000
"20030516",666.0000
"20030515",665.0000
"20030514",662.0000
"20030513",660.0000
"20030512",654.0000
"20030509",642.0000
"20030508",634.0000
"20030507",636.0000
"20030506",625.0000
"20030501",606.0000
"20030430",603.0000
"20030429",606.0000
"20030428",618.0000
"20030425",630.0000
"20030424",635.0000
"20030423",638.0000
"20030422",640.0000
"20030417",632.0000
"20030416",622.0000
"20030415",624.0000
"20030414",622.0000
"20030411",622.0000
"20030410",624.0000
"20030409",628.0000
"20030408",615.0000
"20030407",613.0000
"20030404",615.0000
"20030403",619.0000
"20030402",637.0000
"20030401",639.0000
"20030331",642.0000
"20030328",630.0000
"20030327",636.0000
"20030326",646.0000
"20030325",643.0000
"20030324",655.0000
"20030321",662.0000
"20030320",666.0000
"20030319",680.0000
"20030318",688.0000
"20030317",694.0000
"20030314",688.0000
"20030313",692.0000
"20030312",698.0000
"20030311",700.0000
"20030310",704.0000
"20030307",693.0000
"20030306",693.0000
"20030305",695.0000
"20030304",688.0000
"20030303",682.0000
"20030228",681.0000
"20030227",682.0000
"20030226",676.0000
"20030225",681.0000
"20030224",672.0000
"20030221",667.0000
"20030220",666.0000
"20030219",672.0000
"20030218",675.0000
"20030217",688.0000
"20030214",695.0000
"20030213",688.0000
"20030212",692.0000
"20030211",677.0000
"20030210",681.0000
"20030207",686.0000
"20030206",678.0000
"20030205",687.0000
"20030204",700.0000
"20030203",698.0000
"20030131",667.0000
"20030130",668.0000
"20030129",654.0000
"20030128",643.0000
"20030127",644.0000
"20030124",643.0000
"20030123",652.0000
"20030122",644.0000
"20030121",630.0000
"20030120",633.0000
"20030117",627.0000
"20030116",619.0000
"20030115",616.0000
"20030114",620.5000
"20030113",618.5000
"20030110",620.0000
"20030109",620.5000
"20030108",607.0000
"20030107",608.5000
"20030106",607.0000
"20030103",603.0000
"20030102",608.0000
"20021230",598.0000
"20021227",592.7500
"20021223",591.0000
"20021220",588.0000
"20021219",598.0000
"20021218",598.0000
"20021217",607.0000
"20021216",604.0000
"20021213",602.0000
"20021212",594.0000
"20021211",594.0000
"20021210",599.0000
"20021209",600.0000
"20021206",596.0000
"20021205",594.0000
"20021204",592.0000
"20021203",591.0000
"20021202",592.0000
"20021129",592.0000
"20021128",584.0000
"20021127",585.0000
"20021126",587.0000
"20021125",588.0000
"20021122",592.0000
"20021121",593.0000
"20021120",592.0000
"20021119",595.0000
"20021118",599.0000
"20021115",600.0000
"20021114",590.0000
"20021113",591.0000
"20021112",580.0000
"20021111",577.0000
"20021108",588.0000
"20021107",586.0000
"20021106",586.0000
"20021105",584.0000
"20021104",580.0000
"20021101",578.0000
"20021031",579.0000
"20021030",589.5000
"20021029",593.0000
"20021028",590.0000
"20021025",589.0000
"20021024",582.0000
"20021023",582.0000
"20021022",581.0000
"20021021",587.0000
"20021018",592.0000
"20021017",590.0000
"20021016",592.0000
"20021015",585.0000
"20021014",589.0000
"20021011",592.0000
"20021010",580.0000
"20021009",581.0000
"20021008",563.0000
"20021007",558.0000
"20021004",557.0000
"20021003",558.0000
"20021002",567.0000
"20021001",567.0000
"20020930",563.0000
"20020927",560.0000
"20020926",562.0000
"20020925",563.0000
"20020924",574.0000
"20020923",567.0000
"20020920",565.5000
"20020919",568.0000
"20020918",556.0000
"20020917",550.0000
"20020916",554.0000
"20020913",553.0000
"20020912",552.0000
"20020911",551.5000
"20020910",549.0000
"20020909",549.0000
"20020906",545.0000
"20020905",543.0000
"20020904",542.0000
"20020903",554.0000
"20020902",563.0000
"20020830",564.0000
"20020829",560.0000
"20020828",574.0000
"20020827",555.0000
"20020823",541.0000
"20020822",542.0000
"20020821",543.0000
"20020820",545.0000
"20020819",553.0000
"20020816",553.0000
"20020815",556.0000
"20020814",558.0000
"20020813",550.0000
"20020812",552.0000
"20020809",543.0000
"20020808",540.0000
"20020807",530.0000
"20020806",527.0000
"20020805",525.0000
"20020802",525.0000
"20020801",523.5000
"20020731",529.0000
"20020730",528.0000
"20020729",526.0000
"20020726",530.0000
"20020725",523.0000
"20020724",520.0000
"20020723",521.0000
"20020722",525.0000
"20020719",529.0000
"20020718",525.0000
"20020717",525.0000
"20020716",530.0000
"20020715",532.0000
"20020712",529.0000
"20020711",526.0000
"20020710",524.0000
"20020709",523.0000
"20020708",524.0000
"20020705",520.0000
"20020704",523.5000
"20020703",528.0000
"20020702",530.0000
"20020701",532.0000
"20020628",545.0000
"20020627",539.0000
"20020626",547.0000
"20020625",560.0000
"20020624",560.0000
"20020621",563.0000
"20020620",565.0000
"20020619",564.0000
"20020618",561.0000
"20020617",556.0000
"20020614",557.0000
"20020613",554.0000
"20020612",556.0000
"20020611",554.0000
"20020610",555.0000
"20020607",564.0000
"20020606",552.0000
"20020605",546.0000
"20020531",548.0000
"20020530",547.0000
"20020529",546.0000
"20020528",542.0000
"20020527",538.0000
"20020524",539.0000
"20020523",537.0000
"20020522",540.0000
"20020521",541.0000
"20020520",543.0000
"20020517",538.0000
"20020516",538.0000
"20020515",537.0000
"20020514",534.0000
"20020513",530.0000
"20020510",522.0000
"20020509",524.0000
"20020508",531.0000
"20020507",522.0000
"20020503",521.0000
"20020502",519.5000
"20020501",520.0000
"20020430",536.0000
"20020429",544.0000
"20020426",551.0000
"20020425",556.0000
"20020424",555.0000
"20020423",549.0000
"20020422",552.0000
"20020419",556.0000
"20020418",559.0000
"20020417",541.0000
"20020416",536.0000
"20020415",539.0000
"20020412",534.0000
"20020411",533.0000
"20020410",526.0000
"20020409",528.0000
"20020408",528.0000
"20020405",532.0000
"20020404",525.0000
"20020403",533.5000
"20020402",533.0000
"20020328",516.0000
"20020327",511.0000
"20020326",512.0000
"20020325",515.0000
"20020322",510.0000
"20020321",511.0000
"20020320",512.0000
"20020319",518.0000
"20020318",517.0000
"20020315",511.0000
"20020314",510.0000
"20020313",511.0000
"20020312",517.0000
"20020311",524.0000
"20020308",522.0000
"20020307",505.0000
"20020306",510.0000
"20020305",507.0000
"20020304",512.0000
"20020301",488.0000
"20020228",493.0000
"20020227",493.0000
"20020226",481.0000
"20020225",477.0000
"20020222",475.0000
"20020221",470.0000
"20020220",469.0000
"20020219",470.0000
"20020218",470.0000
"20020215",477.0000
"20020214",480.0000
"20020213",467.0000
"20020212",464.0000
"20020211",472.0000
"20020208",474.0000
"20020207",469.0000
"20020206",462.0000
"20020205",453.0000
"20020204",454.0000
"20020201",453.0000
"20020131",455.0000
"20020130",457.0000
"20020129",456.0000
"20020128",464.0000
"20020125",465.0000
"20020124",467.0000
"20020123",473.0000
"20020122",475.0000
"20020121",475.0000
"20020118",480.0000
"20020117",481.0000
"20020116",477.0000
"20020115",470.0000
"20020114",480.0000
"20020111",479.5000
"20020110",477.0000
"20020109",476.0000
"20020108",474.0000
"20020107",470.0000
"20020104",472.0000
"20020103",478.0000
"20020102",481.0000
"20011228",480.0000
"20011227",470.0000
"20011221",458.0000
"20011220",454.0000
"20011219",454.0000
"20011218",459.2500
"20011217",461.0000
"20011214",462.0000
"20011213",462.0000
"20011212",464.0000
"20011211",458.0000
"20011210",468.0000
"20011207",468.0000
"20011206",455.5000
"20011205",451.0000
"20011204",455.0000
"20011203",450.5000
"20011130",443.0000
"20011129",436.0000
"20011128",438.0000
"20011127",438.0000
"20011126",437.0000
"20011123",434.0000
"20011122",437.0000
"20011121",443.0000
"20011120",437.5000
"20011119",433.0000
"20011116",427.0000
"20011115",426.0000
"20011114",428.0000
"20011113",424.0000
"20011112",434.0000
"20011109",422.0000
"20011108",416.0000
"20011107",416.0000
"20011106",422.0000
"20011105",420.0000
"20011102",420.0000
"20011101",420.0000
"20011031",423.0000
"20011030",426.0000
"20011029",431.0000
"20011026",418.0000
"20011025",419.0000
"20011024",423.0000
"20011023",426.0000
"20011022",428.0000
"20011019",433.0000
"20011018",435.0000
"20011017",436.0000
"20011016",452.0000
"20011015",462.0000
"20011012",438.0000
"20011011",432.0000
"20011010",426.0000
"20011009",427.0000
"20011008",435.0000
"20011005",442.0000
"20011004",434.0000
"20011003",435.0000
"20011002",415.0000
"20011001",421.0000
"20010928",429.0000
"20010927",442.0000
"20010926",442.0000
"20010925",447.0000
"20010924",474.0000
"20010921",492.0000
"20010920",493.0000
"20010919",493.0000
"20010918",486.0000
"20010917",477.0000
"20010914",474.0000
"20010913",455.0000
"20010912",453.0000
"20010911",448.0000
"20010910",443.0000
"20010907",446.0000
"20010906",440.0000
"20010905",444.0000
"20010904",443.0000
"20010903",442.0000
"20010831",446.0000
"20010830",444.0000
"20010829",463.0000
"20010828",463.0000
"20010824",454.0000
"20010823",458.0000
"20010822",447.0000
"20010821",445.0000
"20010820",440.2500
"20010817",452.0000
"20010816",429.0000
"20010815",431.0000
"20010814",440.0000
"20010813",451.0000
"20010810",448.0000
"20010809",434.0000
"20010808",440.0000
"20010807",446.0000
"20010806",470.0000
"20010803",482.0000
"20010802",480.0000
"20010801",472.0000
"20010731",476.0000
"20010730",490.0000
"20010727",503.0000
"20010726",506.0000
"20010725",507.0000
"20010724",493.0000
"20010723",498.0000
"20010720",504.0000
"20010719",515.0000
"20010718",520.0000
"20010717",546.0000
"20010716",554.0000
"20010713",560.0000
"20010712",558.0000
"20010711",557.5000
"20010710",554.0000
"20010709",556.0000
"20010706",551.0000
"20010705",555.0000
"20010704",559.0000
"20010703",556.0000
"20010702",560.0000
"20010629",558.0000
"20010628",561.0000
"20010627",567.0000
"20010626",569.0000
"20010625",574.0000
"20010622",574.0000
"20010621",580.0000
"20010620",582.0000
"20010619",579.0000
"20010618",578.0000
"20010615",583.0000
"20010614",577.0000
"20010613",577.0000
"20010612",580.0000
"20010611",584.0000
"20010608",592.0000
"20010607",589.0000
"20010606",585.0000
"20010605",585.0000
"20010604",593.0000
"20010601",594.0000
"20010531",607.0000
"20010530",614.0000
"20010529",622.0000
"20010525",616.0000
"20010524",617.0000
"20010523",612.0000
"20010522",614.0000
"20010521",616.0000
"20010518",613.0000
"20010517",610.0000
"20010516",612.0000
"20010515",606.0000
"20010514",605.0000
"20010511",606.0000
"20010510",605.0000
"20010509",608.0000
"20010508",603.0000
"20010504",612.0000
"20010503",612.0000
"20010502",603.0000
"20010501",598.0000
"20010430",594.0000
"20010427",596.0000
"20010426",597.0000
"20010425",606.0000
"20010424",608.0000
"20010423",612.0000
"20010420",620.0000
"20010419",618.0000
"20010418",628.0000
"20010417",625.0000
"20010412",596.0000
"20010411",588.0000
"20010410",577.0000
"20010409",580.0000
"20010406",570.0000
"20010405",572.0000
"20010404",582.0000
"20010403",576.0000
"20010402",555.0000
"20010330",563.0000
"20010329",567.0000
"20010328",577.0000
"20010327",579.0000
"20010326",577.0000
"20010323",575.0000
"20010322",578.0000
"20010321",583.0000
"20010320",580.0000
"20010319",583.0000
"20010316",586.0000
"20010315",590.0000
"20010314",592.0000
"20010313",588.0000
"20010312",593.0000
"20010309",600.0000
"20010308",600.0000
"20010307",588.0000
"20010306",583.0000
"20010305",576.0000
"20010302",591.0000
"20010301",604.0000
"20010228",610.0000
"20010227",609.0000
"20010226",604.0000
"20010223",600.0000
"20010222",600.0000
"20010221",606.0000
"20010220",605.0000
"20010219",602.0000
"20010216",600.0000
"20010215",595.0000
"20010214",595.0000
"20010213",592.0000
"20010212",593.0000
"20010209",597.0000
"20010208",600.0000
"20010207",604.0000
"20010206",606.0000
"20010205",602.0000
"20010202",598.5000
"20010201",600.0000
"20010131",604.0000
"20010130",602.0000
"20010129",608.0000
"20010126",615.0000
"20010125",610.0000
"20010124",611.0000
"20010123",618.0000
"20010122",622.0000
"20010119",620.0000
"20010118",613.0000
"20010117",626.0000
"20010116",632.0000
"20010115",639.5000
"20010112",633.0000
"20010111",637.0000
"20010110",636.0000
"20010109",632.0000
"20010108",625.0000
"20010105",618.0000
"20010104",632.0000
"20010103",618.0000
"20010102",608.0000
"20001228",619.0000
"20001227",613.0000
"20001221",611.5000
"20001220",606.0000
"20001219",602.0000
"20001218",604.0000
"20001215",609.0000
"20001214",612.0000
"20001213",622.0000
"20001212",620.0000
"20001211",612.0000
"20001208",603.0000
"20001207",605.0000
"20001206",599.0000
"20001205",613.0000
"20001204",616.0000
"20001201",607.0000
"20001130",605.0000
"20001129",598.5000
"20001128",599.5000
"20001127",589.0000
"20001124",586.0000
"20001123",588.0000
"20001122",586.0000
"20001121",591.0000
"20001120",596.0000
"20001117",593.0000
"20001116",586.0000
"20001115",592.0000
"20001114",591.0000
"20001113",592.0000
"20001110",598.0000
"20001109",599.0000
"20001108",598.0000
"20001107",595.0000
"20001106",590.0000
"20001103",598.5000
"20001102",596.0000
"20001101",586.0000
"20001031",584.0000
"20001030",579.5000
"20001027",576.0000
"20001026",579.0000
"20001025",578.0000
"20001024",576.0000
"20001023",586.0000
"20001020",588.0000
"20001019",584.0000
"20001018",578.0000
"20001017",573.0000
"20001016",581.0000
"20001013",585.0000
"20001012",585.0000
"20001011",585.0000
"20001010",582.0000
"20001009",582.0000
"20001006",580.0000
"20001005",576.0000
"20001004",570.0000
"20001003",570.0000
"20001002",573.0000
"20000929",569.0000
"20000928",575.0000
"20000927",565.0000
"20000926",576.0000
"20000925",580.0000
"20000922",585.0000
"20000921",588.0000
"20000920",593.5000
"20000919",595.0000
"20000918",594.0000
"20000915",586.0000
"20000914",582.0000
"20000913",595.0000
"20000912",610.0000
"20000911",610.0000
"20000908",609.5000
"20000907",607.0000
"20000906",608.0000
"20000905",598.0000
"20000904",612.0000
"20000901",592.0000
"20000831",588.0000
"20000830",598.0000
"20000829",590.0000
"20000825",577.0000
"20000824",573.0000
"20000823",574.0000
"20000822",573.0000
"20000821",570.0000
"20000818",568.0000
"20000817",568.0000
"20000816",572.0000
"20000815",574.0000
"20000814",566.0000
"20000811",568.0000
"20000810",578.0000
"20000809",578.0000
"20000808",575.0000
"20000807",564.0000
"20000804",572.0000
"20000803",582.0000
"20000802",608.0000
"20000801",592.0000
"20000731",582.0000
"20000728",564.0000
"20000727",560.0000
"20000726",566.0000
"20000725",566.0000
"20000724",575.0000
"20000721",578.0000
"20000720",575.0000
"20000719",571.0000
"20000718",576.0000
"20000717",574.0000
"20000714",560.0000
"20000713",556.0000
"20000712",551.0000
"20000711",550.0000
"20000710",550.0000
"20000707",543.0000
"20000706",536.0000
"20000705",532.0000
"20000704",548.0000
"20000703",553.0000
"20000630",558.0000
"20000629",572.0000
"20000628",575.0000
"20000627",564.0000
"20000626",579.0000
"20000623",560.0000
"20000622",572.0000
"20000621",563.0000
"20000620",570.0000
"20000619",555.0000
"20000616",542.0000
"20000615",542.0000
"20000614",540.0000
"20000613",551.0000
"20000612",546.0000
"20000609",552.0000
"20000608",547.0000
"20000607",554.0000
"20000606",560.0000
"20000605",566.5000
"20000602",556.0000
"20000601",553.0000
"20000531",551.0000
"20000530",548.0000
"20000526",545.0000
"20000525",555.0000
"20000524",563.0000
"20000523",544.0000
"20000522",547.0000
"20000519",538.0000
"20000518",520.0000
"20000517",512.0000
"20000516",505.0000
"20000515",508.0000
"20000512",514.0000
"20000511",512.0000
"20000510",511.0000
"20000509",509.0000
"20000508",504.0000
"20000505",509.0000
"20000504",510.0000
"20000503",502.0000
"20000502",527.0000
"20000428",525.0000
"20000427",486.0000
"20000426",470.0000
"20000425",476.0000
"20000420",487.0000
"20000419",492.0000
"20000418",501.0000
"20000417",505.0000
"20000414",510.0000
"20000413",500.0000
"20000412",495.0000
"20000411",493.0000
"20000410",488.0000
"20000407",495.0000
"20000406",514.0000
"20000405",521.0000
"20000404",511.0000
"20000403",508.0000
"20000331",482.0000
"20000330",480.0000
"20000329",480.0000
"20000328",477.0000
"20000327",480.0000
"20000324",479.5000
"20000323",485.0000
"20000322",496.0000
"20000321",495.0000
"20000320",487.0000
"20000317",485.0000
"20000316",485.0000
"20000315",483.0000
"20000314",483.0000
"20000313",478.0000
"20000310",477.0000
"20000309",473.0000
"20000308",474.0000
"20000307",470.0000
"20000306",473.0000
"20000303",465.0000
"20000302",463.0000
"20000301",474.0000
"20000229",490.0000
"20000228",476.0000
"20000225",465.0000
"20000224",475.0000
"20000223",493.0000
"20000222",509.0000
"20000221",523.0000
"20000218",512.0000
"20000217",573.0000
"20000216",555.0000
"20000215",549.0000
"20000214",539.0000
"20000211",541.0000
"20000210",540.0000
"20000209",548.0000
"20000208",515.0000
"20000207",522.0000
"20000204",512.0000
"20000203",502.0000
"20000202",497.0000
"20000201",488.0000
"20000131",495.0000
"20000128",494.0000
"20000127",462.0000
"20000126",456.0000
"20000125",461.0000
"20000124",455.0000
"20000121",442.0000
"20000120",444.0000
"20000119",444.0000
"20000118",434.0000
"20000117",433.0000
"20000114",429.0000
"20000113",423.0000
"20000112",421.0000
"20000111",420.0000
"20000110",418.0000
"20000107",418.0000
"20000106",414.0000
"20000105",420.0000
"20000104",433.0000
