"Time","Silver Fixing (Evening) International  - 
  - $/oz"
"20170124",17.1050
"20170123",17.1400
"20170120",16.8900
"20170119",16.9500
"20170118",17.1200
"20170117",17.0000
"20170116",16.8200
"20170113",16.7600
"20170112",16.9100
"20170111",16.7900
"20170110",16.6650
"20170109",16.5200
"20170106",16.4500
"20170105",16.5900
"20170104",16.4200
"20170103",15.9500
"20161230",16.2400
"20161229",16.0600
"20161228",15.8500
"20161223",15.7400
"20161222",15.7700
"20161221",16.0300
"20161220",15.8000
"20161219",16.0000
"20161216",16.0500
"20161215",16.1400
"20161214",17.1100
"20161213",17.0100
"20161212",16.8600
"20161209",16.9500
"20161208",17.1300
"20161207",16.7700
"20161206",16.7900
"20161205",16.6200
"20161202",16.3500
"20161201",16.3000
"20161130",16.6700
"20161129",16.5400
"20161128",16.6800
"20161125",16.4650
"20161124",16.3100
"20161123",16.5600
"20161122",16.7600
"20161121",16.6800
"20161118",16.5100
"20161117",17.0400
"20161116",16.9500
"20161115",17.0000
"20161114",17.1950
"20161111",18.5900
"20161110",18.7500
"20161109",18.8100
"20161108",18.2600
"20161107",18.2200
"20161104",18.3000
"20161103",18.0700
"20161102",18.5400
"20161101",18.2400
"20161031",17.7600
"20161028",17.6100
"20161027",17.6600
"20161026",17.6600
"20161025",17.7300
"20161024",17.6400
"20161021",17.5100
"20161020",17.6000
"20161019",17.6900
"20161018",17.6500
"20161017",17.4000
"20161014",17.4700
"20161013",17.5900
"20161012",17.4400
"20161011",17.4800
"20161010",17.7800
"20161007",17.3300
"20161006",17.7600
"20161005",17.8000
"20161004",18.7400
"20161003",19.1800
"20160930",19.3500
"20160929",19.0100
"20160928",19.1200
"20160927",19.4200
"20160926",19.4400
"20160923",19.8200
"20160922",19.8750
"20160921",19.4300
"20160920",19.1700
"20160919",19.1200
"20160916",18.9100
"20160915",18.9600
"20160914",19.0400
"20160913",19.1600
"20160912",18.7200
"20160909",19.4100
"20160908",19.9300
"20160907",19.9200
"20160906",19.6000
"20160905",19.4600
"20160902",18.7500
"20160901",18.6500
"20160831",18.7400
"20160830",18.7800
"20160826",18.6700
"20160825",18.5000
"20160824",18.8400
"20160823",18.9800
"20160822",18.9100
"20160819",19.4150
"20160818",19.7800
"20160817",19.5700
"20160816",20.0350
"20160815",19.9000
"20160812",19.8700
"20160811",20.2100
"20160810",20.3350
"20160809",19.7000
"20160808",19.6600
"20160805",20.2200
"20160804",20.1600
"20160803",20.5900
"20160802",20.7100
"20160801",20.5100
"20160729",20.0400
"20160728",20.4100
"20160727",19.5800
"20160726",19.6800
"20160725",19.4100
"20160722",19.7000
"20160721",19.3400
"20160720",19.7000
"20160719",19.9900
"20160718",19.7200
"20160715",20.1400
"20160714",20.2500
"20160713",20.2900
"20160712",20.3500
"20160711",20.4700
"20160708",19.7200
"20160707",19.9500
"20160706",20.4300
"20160705",19.7300
"20160704",20.3600
"20160701",19.2400
"20160630",18.3600
"20160629",18.2100
"20160628",17.5700
"20160627",17.7000
"20160624",18.0400
"20160623",17.2900
"20160622",17.2000
"20160621",17.3600
"20160620",17.3350
"20160617",17.3700
"20160616",17.7100
"20160615",17.4100
"20160614",17.2500
"20160613",17.3200
"20160610",17.3200
"20160609",17.0500
"20160608",16.7500
"20160607",16.3100
"20160606",16.4000
"20160603",16.1000
"20160602",15.9800
"20160601",15.9500
"20160531",16.0600
"20160527",16.3000
"20160526",16.4600
"20160525",16.2050
"20160524",16.2700
"20160523",16.3100
"20160520",16.5600
"20160519",16.6000
"20160518",17.0500
"20160517",17.0800
"20160516",17.3200
"20160513",17.0900
"20160512",17.2300
"20160511",17.5100
"20160510",17.0400
"20160509",17.3300
"20160506",17.3100
"20160505",17.3800
"20160504",17.1800
"20160503",17.4900
"20160429",17.8550
"20160428",17.3500
"20160427",17.3400
"20160426",16.9500
"20160425",16.8600
"20160422",17.1900
"20160421",17.3200
"20160420",16.9700
"20160419",16.6200
"20160418",16.2000
"20160415",16.1700
"20160414",16.1300
"20160413",15.9800
"20160412",15.9600
"20160411",15.5600
"20160408",15.1600
"20160407",15.2200
"20160406",15.0700
"20160405",15.1900
"20160404",14.9600
"20160401",15.3800
"20160331",15.3800
"20160330",15.3800
"20160329",15.0600
"20160324",15.2800
"20160323",15.5800
"20160322",15.8900
"20160321",15.8100
"20160318",15.9400
"20160317",15.7300
"20160316",15.2900
"20160315",15.3200
"20160314",15.6000
"20160311",15.5000
"20160310",15.2700
"20160309",15.2700
"20160308",15.6600
"20160307",15.6600
"20160304",15.4300
"20160303",14.9700
"20160302",14.8200
"20160301",14.9900
"20160229",14.7500
"20160226",15.1700
"20160225",15.1600
"20160224",15.3200
"20160223",15.2100
"20160222",15.0000
"20160219",15.3700
"20160218",15.2500
"20160217",15.2500
"20160216",15.3500
"20160215",15.2600
"20160212",15.6400
"20160211",15.6500
"20160210",15.1200
"20160209",15.3400
"20160208",14.9400
"20160205",14.9100
"20160204",14.7400
"20160203",14.4100
"20160202",14.2600
"20160201",14.3300
"20160129",14.0800
"20160128",13.5800
"20160127",14.3800
"20160126",14.3300
"20160125",14.2200
"20160122",14.1700
"20160121",14.0100
"20160120",14.0500
"20160119",14.0300
"20160118",13.8800
"20160115",13.8000
"20160114",14.0200
"20160113",13.8300
"20160112",13.8800
"20160111",13.9700
"20160108",14.0400
"20160107",14.0300
"20160106",14.0050
"20160105",14.0100
"20160104",14.0000
"20151231",13.8200
"20151230",13.8200
"20151229",13.9300
"20151224",14.2000
"20151223",14.3300
"20151222",14.2400
"20151221",14.2000
"20151218",13.8200
"20151217",14.0800
"20151216",13.7400
"20151215",13.7400
"20151214",13.7100
"20151211",13.9200
"20151210",14.1700
"20151209",14.2700
"20151208",14.2400
"20151207",14.4900
"20151204",14.1300
"20151203",13.9300
"20151202",14.1400
"20151201",14.2100
"20151130",14.0800
"20151129",14.1100
"20151128",14.1100
"20151127",14.1100
"20151126",14.2900
"20151125",14.0700
"20151124",14.1400
"20151123",13.9800
"20151120",14.2900
"20151119",14.2100
"20151118",14.1700
"20151117",14.2500
"20151116",14.3600
"20151113",14.3900
"20151112",14.3900
"20151111",14.4400
"20151110",14.5500
"20151109",14.7800
"20151106",15.0800
"20151105",15.0200
"20151104",15.2600
"20151103",15.3800
"20151102",15.4000
"20151030",15.8200
"20151029",15.8200
"20151028",16.0300
"20151027",15.8000
"20151026",16.1000
"20151023",15.9800
"20151022",15.7700
"20151021",15.7500
"20151020",15.8600
"20151019",15.8600
"20151016",16.0400
"20151015",16.1800
"20151014",15.8400
"20151013",15.6100
"20151012",15.9600
"20151009",15.9900
"20151008",15.6100
"20151007",15.8200
"20151006",15.6700
"20151005",15.2500
"20151002",14.4300
"20151001",14.5500
"20150930",14.6500
"20150929",14.5600
"20150928",14.7000
"20150925",14.9900
"20150924",14.7900
"20150923",14.8000
"20150922",14.9400
"20150921",15.1800
"20150918",15.2600
"20150917",14.7600
"20150916",14.5100
"20150915",14.3500
"20150914",14.4300
"20150911",14.5800
"20150910",14.7200
"20150909",14.7700
"20150908",14.6300
"20150907",14.5400
"20150904",14.6900
"20150903",14.7100
"20150902",14.5600
"20150901",14.6800
"20150828",14.4400
"20150827",14.2700
"20150826",14.4100
"20150825",14.8700
"20150824",14.9400
"20150821",15.4600
"20150820",15.5000
"20150819",14.8400
"20150818",15.2300
"20150817",15.2300
"20150814",15.5500
"20150813",15.3300
"20150812",15.3600
"20150811",15.3100
"20150810",14.8800
"20150807",14.7500
"20150806",14.5900
"20150805",14.5200
"20150804",14.5400
"20150803",14.7300
"20150731",14.5600
"20150730",14.6400
"20150729",14.6100
"20150728",14.5400
"20150727",14.6900
"20150724",14.4900
"20150723",14.8800
"20150722",14.7800
"20150721",14.7500
"20150720",14.8400
"20150717",15.0100
"20150716",14.9300
"20150715",15.3100
"20150714",15.2800
"20150713",15.4500
"20150710",15.4500
"20150709",15.3800
"20150708",14.9900
"20150707",15.6100
"20150706",15.5900
"20150703",15.6400
"20150702",15.6100
"20150701",15.6300
"20150630",15.7000
"20150629",15.8300
"20150626",15.8300
"20150625",15.7700
"20150624",15.8900
"20150623",15.9600
"20150622",16.1900
"20150619",16.1200
"20150618",16.2400
"20150617",15.9800
"20150616",16.0300
"20150615",15.9300
"20150612",15.9300
"20150611",15.8700
"20150610",16.1300
"20150609",16.1300
"20150608",16.0600
"20150605",16.1500
"20150604",16.4700
"20150603",16.6000
"20150602",16.7000
"20150601",16.6100
"20150529",16.6700
"20150528",16.6800
"20150527",16.6600
"20150526",16.7900
"20150522",17.2500
"20150521",17.1800
"20150520",17.0700
"20150519",17.4000
"20150518",17.7000
"20150515",17.2500
"20150514",17.4000
"20150513",16.6500
"20150512",16.4600
"20150511",16.3900
"20150508",16.3100
"20150507",16.3500
"20150506",16.4100
"20150505",16.4200
"20150501",16.1700
"20150430",16.5200
"20150429",16.4800
"20150428",16.3200
"20150427",15.8400
"20150424",15.8300
"20150423",15.8600
"20150422",16.0500
"20150421",16.0800
"20150420",16.0900
"20150417",16.3600
"20150416",16.4700
"20150415",16.1800
"20150414",16.0800
"20150413",16.2700
"20150410",16.5500
"20150409",16.3000
"20150408",16.8400
"20150407",16.8600
"20150402",16.8400
"20150401",16.5600
"20150331",16.6000
"20150330",16.6500
"20150327",17.1400
"20150326",17.1300
"20150325",16.9400
"20150324",16.9700
"20150323",16.7300
"20150320",16.1700
"20150319",15.8800
"20150318",15.4700
"20150317",15.5600
"20150316",15.5800
"20150313",15.5000
"20150312",15.6800
"20150311",15.6400
"20150310",15.7800
"20150309",15.9200
"20150306",15.9900
"20150305",16.1900
"20150304",16.3200
"20150303",16.4200
"20150302",16.6300
"20150227",16.5300
"20150226",16.8200
"20150225",16.5100
"20150224",16.3200
"20150223",16.2000
"20150220",16.3400
"20150219",16.7300
"20150218",16.4200
"20150217",16.8200
"20150216",17.2700
"20150213",16.8600
"20150212",16.8900
"20150211",16.9500
"20150210",16.8000
"20150209",16.9700
"20150206",17.2200
"20150205",17.0000
"20150204",17.3900
"20150203",17.5900
"20150202",17.2200
"20150130",16.9200
"20150129",17.4300
"20150128",18.0100
"20150127",17.8700
"20150126",17.8300
"20150123",18.2300
"20150122",18.0800
"20150121",18.2200
"20150120",17.8000
"20150119",17.6500
"20150116",16.9200
"20150115",17.1200
"20150114",16.6400
"20150113",17.0000
"20150112",16.5200
"20150109",16.2400
"20150108",16.3700
"20150107",16.3300
"20150106",16.2900
"20150105",15.8800
"20150102",15.7100
"20141231",15.9700
"20141230",15.7900
"20141229",16.0000
"20141224",15.7700
"20141223",15.7100
"20141222",16.0900
"20141219",15.8600
"20141218",16.0800
"20141217",15.9500
"20141216",16.2900
"20141215",16.8500
"20141212",17.0700
"20141211",16.9800
"20141210",17.0600
"20141209",16.3700
"20141208",16.2600
"20141205",16.3300
"20141204",16.4200
"20141203",16.3000
"20141202",16.1600
"20141201",15.7300
"20141128",15.9700
"20141127",16.4200
"20141126",16.6100
"20141125",16.6600
"20141124",16.3300
"20141121",16.3000
"20141120",16.2000
"20141119",16.2600
"20141118",16.2700
"20141117",16.2000
"20141114",15.3500
"20141113",15.7400
"20141112",15.6200
"20141111",15.5700
"20141110",15.6700
"20141107",15.4200
"20141106",15.2800
"20141105",15.3200
"20141104",16.1200
"20141103",16.1500
"20141031",16.2000
"20141030",16.7800
"20141029",17.2000
"20141028",17.1800
"20141027",17.1800
"20141024",17.1900
"20141023",17.0700
"20141022",17.3600
"20141021",17.3600
"20141020",17.3800
"20141017",17.3600
"20141016",17.4600
"20141015",17.0100
"20141014",17.5000
"20141013",17.4100
"20141010",17.2600
"20141009",17.6400
"20141008",17.3500
"20141007",17.3600
"20141006",17.0200
"20141003",16.9700
"20141002",17.0900
"20141001",17.0400
"20140930",17.1100
"20140929",17.5800
"20140926",17.5400
"20140925",17.5200
"20140924",17.7600
"20140923",17.9200
"20140922",17.7400
"20140919",18.4500
"20140918",18.5000
"20140917",18.6300
"20140916",18.7500
"20140915",18.6400
"20140912",18.6400
"20140911",18.7000
"20140910",19.0100
"20140909",19.0000
"20140908",19.1900
"20140905",19.1300
"20140904",19.2100
"20140903",19.1000
"20140902",19.2000
"20140901",19.4900
"20140829",19.4700
"20140828",19.7500
"20140827",19.3200
"20140826",19.4900
"20140822",19.4900
"20140821",19.4000
"20140820",19.4200
"20140819",19.6600
"20140818",19.5900
"20140815",19.8600
"20140814",19.8600
"20140813",19.9000
"20140812",20.0800
"20140811",19.8500
"20140808",20.1300
"20140807",20.0700
"20140806",19.7800
"20140805",20.2000
"20140804",20.3500
"20140801",20.3400
"20140731",20.6900
"20140730",20.5400
"20140729",20.6400
"20140728",20.6300
"20140725",20.4600
"20140724",20.8400
"20140723",20.9300
"20140722",20.8100
"20140721",20.9300
"20140718",20.9400
"20140717",20.7800
"20140716",20.7000
"20140715",20.9300
"20140714",21.1300
"20140711",21.4150
"20140710",21.5000
"20140709",21.1300
"20140708",21.0800
"20140707",20.9500
"20140704",21.1200
"20140703",21.0000
"20140702",21.0400
"20140701",21.0800
"20140630",20.8700
"20140627",21.0400
"20140626",20.8300
"20140625",20.7800
"20140624",21.1200
"20140623",20.7500
"20140620",20.6200
"20140619",19.9400
"20140618",19.7300
"20140617",19.5500
"20140616",19.6700
"20140613",19.5800
"20140612",19.3300
"20140611",19.2000
"20140610",19.0000
"20140609",19.1100
"20140606",19.0300
"20140605",18.8100
"20140604",18.7600
"20140603",18.8700
"20140602",18.8100
"20140530",19.0000
"20140529",18.8500
"20140528",19.1250
"20140527",19.2500
"20140523",19.4200
"20140522",19.5600
"20140521",19.3100
"20140520",19.3700
"20140519",19.5500
"20140516",19.3300
"20140515",19.6600
"20140514",19.8700
"20140513",19.4400
"20140512",19.4600
"20140509",19.2500
"20140508",19.2500
"20140507",19.6400
"20140506",19.6400
"20140502",19.1700
"20140501",19.0600
"20140430",19.2800
"20140429",19.3300
"20140428",19.6000
"20140425",19.6600
"20140424",19.0600
"20140423",19.4600
"20140422",19.5100
"20140417",19.6200
"20140416",19.6000
"20140415",19.7700
"20140414",19.7400
"20140411",20.0900
"20140410",20.2400
"20140409",19.8900
"20140408",20.1500
"20140407",19.8100
"20140404",19.9300
"20140403",19.8300
"20140402",19.8200
"20140401",19.8000
"20140331",19.9700
"20140328",19.7100
"20140327",19.6800
"20140326",20.0300
"20140325",20.0000
"20140324",20.2000
"20140321",20.5500
"20140320",20.1700
"20140319",20.7500
"20140318",20.9400
"20140317",21.2200
"20140314",21.3600
"20140313",21.2400
"20140312",20.9700
"20140311",21.2500
"20140310",20.9900
"20140307",21.3800
"20140306",21.1100
"20140305",21.3200
"20140304",21.1500
"20140303",21.4600
"20140228",21.2700
"20140227",21.3800
"20140226",21.8450
"20140225",21.7300
"20140224",22.0500
"20140221",21.7400
"20140220",21.5900
"20140219",21.7500
"20140218",21.3700
"20140217",21.6500
"20140214",21.0900
"20140213",20.2700
"20140212",20.2000
"20140211",20.1700
"20140210",20.2000
"20140207",19.8700
"20140206",20.1400
"20140205",19.6300
"20140204",19.3400
"20140203",19.2700
"20140131",19.3100
"20140130",19.4100
"20140129",19.6800
"20140128",19.7200
"20140127",19.8300
"20140124",20.1900
"20140123",20.1100
"20140122",19.8700
"20140121",20.0300
"20140120",20.2900
"20140117",20.0100
"20140116",20.0000
"20140115",20.0900
"20140114",20.2700
"20140113",20.0900
"20140110",19.8000
"20140109",19.5400
"20140108",19.5200
"20140107",20.0200
"20140106",20.0400
"20140103",20.1800
"20140102",19.9400
"20131231",19.5000
"20131230",19.6500
"20131227",19.9200
"20131224",19.4000
"20131223",19.3700
"20131220",19.3300
"20131219",19.3400
"20131218",19.9400
"20131217",20.0200
"20131216",19.5000
"20131213",19.5500
"20131212",19.8000
"20131211",20.3900
"20131210",20.0500
"20131209",19.5000
"20131206",19.4900
"20131205",19.4600
"20131204",19.0500
"20131203",19.1700
"20131202",19.7500
"20131129",19.9300
"20131128",19.7600
"20131127",19.9800
"20131126",20.1100
"20131125",19.7100
"20131122",19.9300
"20131121",19.9700
"20131120",20.2400
"20131119",20.4400
"20131118",20.6400
"20131115",20.6350
"20131114",20.7800
"20131113",20.7000
"20131112",21.1000
"20131111",21.3950
"20131108",21.7000
"20131107",21.7500
"20131106",21.9400
"20131105",21.6000
"20131104",21.8500
"20131101",21.7500
"20131031",22.2000
"20131030",22.7400
"20131029",22.3100
"20131028",22.5400
"20131025",22.3500
"20131024",22.6700
"20131023",22.5300
"20131022",22.0600
"20131021",22.0900
"20131018",21.8700
"20131017",21.7200
"20131016",21.3200
"20131015",20.4900
"20131014",21.5200
"20131011",21.5200
"20131010",21.9300
"20131009",22.1000
"20131008",22.3000
"20131007",21.7700
"20131004",21.6500
"20131003",21.5700
"20131002",21.1400
"20131001",21.7000
"20130930",21.6800
"20130927",21.6100
"20130926",21.9700
"20130925",21.6800
"20130924",21.4400
"20130923",21.6800
"20130920",22.7400
"20130919",23.0000
"20130918",21.4700
"20130917",21.9700
"20130916",21.8800
"20130913",21.7200
"20130912",22.6700
"20130911",22.9100
"20130910",23.3200
"20130909",23.6400
"20130906",23.0500
"20130905",23.5200
"20130904",23.7100
"20130903",24.2100
"20130902",23.9700
"20130830",23.6400
"20130829",24.1100
"20130828",24.7400
"20130827",24.2900
"20130823",23.0600
"20130822",23.0700
"20130821",22.9400
"20130820",22.8700
"20130819",23.2300
"20130816",22.8300
"20130815",22.0000
"20130814",21.5000
"20130813",21.4600
"20130812",20.8350
"20130809",20.3100
"20130808",19.7300
"20130807",19.2700
"20130806",19.7800
"20130805",19.7600
"20130802",19.4600
"20130801",19.7200
"20130731",19.9400
"20130730",19.6800
"20130729",20.1000
"20130726",20.0200
"20130725",19.9200
"20130724",20.3950
"20130723",20.1800
"20130722",19.9500
"20130719",19.4200
"20130718",19.4900
"20130717",19.8300
"20130716",19.9500
"20130715",19.8200
"20130712",19.6600
"20130711",19.8500
"20130710",19.3700
"20130709",19.1000
"20130708",19.1600
"20130705",19.3200
"20130704",19.5700
"20130703",19.5500
"20130702",19.6200
"20130701",19.4400
"20130628",18.8600
"20130627",18.6100
"20130626",18.6700
"20130625",19.7700
"20130624",19.6500
"20130621",19.8700
"20130620",20.2400
"20130619",21.6200
"20130618",21.8000
"20130617",21.8700
"20130614",21.6900
"20130613",21.8300
"20130612",21.7800
"20130611",21.5800
"20130610",21.8100
"20130607",22.6000
"20130606",22.6200
"20130605",22.3700
"20130604",22.5100
"20130603",22.4300
"20130531",22.5700
"20130530",22.6800
"20130529",22.3600
"20130528",22.3600
"20130524",22.3800
"20130523",22.4700
"20130522",22.6200
"20130521",22.4400
"20130520",21.6600
"20130517",22.5200
"20130516",22.2600
"20130515",22.8700
"20130514",23.4400
"20130513",23.6600
"20130510",23.3700
"20130509",24.0700
"20130508",23.8600
"20130507",23.7500
"20130503",24.2500
"20130502",23.6900
"20130501",23.9700
"20130430",24.4200
"20130429",24.2700
"20130426",24.0200
"20130425",23.3000
"20130424",22.9100
"20130423",23.0100
"20130422",23.6000
"20130419",23.6600
"20130418",23.5100
"20130417",23.3100
"20130416",23.4700
"20130415",23.5400
"20130412",27.4000
"20130411",27.5700
"20130410",27.7400
"20130409",27.2500
"20130408",27.2700
"20130405",26.9700
"20130404",26.8000
"20130403",27.1900
"20130402",27.9600
"20130328",28.6400
"20130327",28.3300
"20130326",28.8300
"20130325",28.6700
"20130322",29.0600
"20130321",28.9100
"20130320",28.9000
"20130319",28.8500
"20130318",28.8000
"20130315",28.9100
"20130314",28.6400
"20130313",29.1200
"20130312",29.2500
"20130311",28.9000
"20130308",28.7800
"20130307",29.0100
"20130306",28.7400
"20130305",28.9300
"20130304",28.6900
"20130301",28.0100
"20130228",28.9500
"20130227",29.0700
"20130226",28.7500
"20130225",29.1700
"20130222",28.7900
"20130221",28.7200
"20130220",29.1100
"20130219",30.0000
"20130218",30.0000
"20130215",30.1800
"20130214",30.8800
"20130213",31.0350
"20130212",30.8400
"20130211",31.1600
"20130208",31.5200
"20130207",31.7500
"20130206",31.7000
"20130205",32.0100
"20130204",31.5100
"20130201",31.4300
"20130131",32.0300
"20130130",31.3500
"20130129",31.0600
"20130128",30.8700
"20130125",31.5600
"20130124",31.8500
"20130123",32.2300
"20130122",31.9400
"20130121",31.9000
"20130118",31.8200
"20130117",31.5000
"20130116",31.2300
"20130115",31.1900
"20130114",30.7600
"20130111",30.6700
"20130110",30.4900
"20130109",30.3900
"20130108",30.3900
"20130107",30.1400
"20130104",29.3200
"20130103",30.9100
"20130102",30.8700
"20121231",29.9500
"20121228",30.1500
"20121227",29.7500
"20121224",30.1900
"20121221",29.8900
"20121220",31.1200
"20121219",31.3700
"20121218",32.3800
"20121217",32.2100
"20121214",32.5200
"20121213",32.6900
"20121212",33.1000
"20121211",33.1700
"20121210",33.3400
"20121207",32.8500
"20121206",32.8300
"20121205",33.0700
"20121204",33.3000
"20121203",33.4200
"20121130",34.2800
"20121129",33.7600
"20121128",33.8500
"20121127",34.0500
"20121126",34.0800
"20121123",33.4100
"20121122",33.2900
"20121121",33.0100
"20121120",33.1900
"20121119",32.6700
"20121116",32.2700
"20121115",32.5700
"20121114",32.4800
"20121113",32.5800
"20121112",32.6300
"20121109",32.1600
"20121108",31.7000
"20121107",32.1400
"20121106",31.4000
"20121105",30.9100
"20121102",31.9200
"20121101",32.6600
"20121031",32.2800
"20121030",31.9800
"20121029",31.8200
"20121026",31.6700
"20121025",32.0800
"20121024",31.9500
"20121023",31.7100
"20121022",32.1700
"20121019",32.3300
"20121018",32.9900
"20121017",33.0300
"20121016",32.8000
"20121015",33.2200
"20121012",33.7900
"20121011",34.2500
"20121010",33.7900
"20121009",33.8700
"20121008",33.8500
"20121005",34.8500
"20121004",34.9600
"20121003",34.7200
"20121002",34.8500
"20121001",34.3500
"20120928",34.6500
"20120927",33.9500
"20120926",33.8800
"20120925",34.0100
"20120924",33.7300
"20120921",34.6900
"20120920",34.2500
"20120919",34.6500
"20120918",34.0600
"20120917",34.5300
"20120914",34.7100
"20120913",33.0000
"20120912",33.9300
"20120911",33.5200
"20120910",33.6000
"20120907",32.2200
"20120906",32.8700
"20120905",32.1000
"20120904",32.0800
"20120903",31.7400
"20120831",30.5200
"20120830",30.6600
"20120829",30.7300
"20120828",30.8100
"20120824",30.3700
"20120823",30.3200
"20120822",29.3300
"20120821",28.9200
"20120820",28.1000
"20120817",28.2000
"20120816",27.8400
"20120815",27.6400
"20120814",27.8400
"20120813",28.0500
"20120810",27.8800
"20120809",28.0200
"20120808",27.8400
"20120807",28.0000
"20120806",27.7200
"20120803",27.2500
"20120802",27.4200
"20120801",27.8700
"20120731",28.2000
"20120730",27.6400
"20120727",27.7300
"20120726",27.8100
"20120725",27.1100
"20120724",26.9300
"20120723",26.9500
"20120720",27.0700
"20120719",27.4500
"20120718",27.0300
"20120717",27.4200
"20120716",27.0500
"20120713",27.4800
"20120712",26.6700
"20120711",27.1100
"20120710",27.5700
"20120709",27.2400
"20120706",27.3200
"20120705",28.3300
"20120704",28.1100
"20120703",27.9200
"20120702",27.3600
"20120629",27.0800
"20120628",26.8100
"20120627",26.8350
"20120626",27.4400
"20120625",26.7200
"20120622",26.8100
"20120621",27.8800
"20120620",28.3100
"20120619",28.8100
"20120618",28.4300
"20120615",28.6600
"20120614",28.8800
"20120613",28.8700
"20120612",28.5400
"20120611",28.6300
"20120608",28.1700
"20120607",29.2800
"20120606",29.3600
"20120601",27.3800
"20120531",28.1000
"20120530",27.6800
"20120529",28.2500
"20120528",28.5200
"20120525",28.2400
"20120524",28.0800
"20120523",27.7600
"20120522",28.0700
"20120521",28.3900
"20120518",28.4800
"20120517",27.4800
"20120516",27.2500
"20120515",28.2800
"20120514",28.3300
"20120511",28.5800
"20120510",29.2500
"20120509",28.7700
"20120508",29.5800
"20120504",29.9000
"20120503",30.3600
"20120502",30.5200
"20120501",30.7800
"20120430",31.2000
"20120427",31.1400
"20120426",30.7000
"20120425",30.8800
"20120424",30.8600
"20120423",31.1600
"20120420",31.7900
"20120419",31.4700
"20120418",31.6100
"20120417",31.6400
"20120416",31.3200
"20120413",32.3650
"20120412",31.4700
"20120411",31.7000
"20120410",31.5500
"20120405",31.2700
"20120404",31.9800
"20120403",32.9700
"20120402",32.4200
"20120330",32.4300
"20120329",31.7900
"20120328",32.4300
"20120327",33.0100
"20120326",32.2300
"20120323",31.5400
"20120322",31.7900
"20120321",31.9700
"20120320",32.2200
"20120319",32.4400
"20120316",32.2700
"20120315",32.3600
"20120314",32.8400
"20120313",33.5800
"20120312",33.7700
"20120309",33.8700
"20120308",34.0900
"20120307",33.1700
"20120306",33.2200
"20120305",34.1800
"20120302",35.2100
"20120301",34.5600
"20120229",37.2300
"20120228",35.6000
"20120227",35.0900
"20120224",35.5700
"20120223",34.5500
"20120222",34.0800
"20120221",33.6500
"20120220",33.5600
"20120217",33.4800
"20120216",33.1800
"20120215",33.6900
"20120214",33.5100
"20120213",33.8400
"20120210",33.5500
"20120209",33.8000
"20120208",34.3700
"20120207",33.2800
"20120206",33.5200
"20120203",33.9300
"20120202",33.6700
"20120201",33.8000
"20120131",33.6000
"20120130",33.1800
"20120127",33.4800
"20120126",33.3500
"20120125",31.6700
"20120124",31.9500
"20120123",32.4500
"20120120",30.3600
"20120119",30.7900
"20120118",30.1500
"20120117",30.4100
"20120116",29.9000
"20120113",29.6400
"20120112",30.5800
"20120111",29.8100
"20120110",29.6900
"20120109",28.8500
"20120106",29.4000
"20120105",28.9200
"20120104",29.1800
"20120103",28.7800
"20111230",28.1800
"20111229",26.1600
"20111228",28.6500
"20111223",29.2200
"20111222",29.3000
"20111221",29.7500
"20111220",29.2800
"20111219",28.7800
"20111216",29.7800
"20111215",28.8000
"20111214",29.9200
"20111213",31.3400
"20111212",31.2200
"20111209",32.0000
"20111208",32.6400
"20111207",32.4500
"20111206",31.8500
"20111205",32.4800
"20111202",33.1500
"20111201",33.2800
"20111130",31.3500
"20111129",31.9600
"20111128",32.0000
"20111125",31.2400
"20111124",31.9400
"20111123",31.5100
"20111122",31.8500
"20111121",30.9000
"20111118",32.2500
"20111117",33.3000
"20111116",34.4500
"20111115",34.0200
"20111114",34.3800
"20111111",33.7700
"20111110",33.7100
"20111109",34.5800
"20111108",34.6400
"20111107",34.4800
"20111104",33.9500
"20111103",34.7200
"20111102",33.8300
"20111101",32.9700
"20111031",34.2400
"20111028",35.4200
"20111027",33.5500
"20111026",33.3000
"20111025",32.0000
"20111024",31.7000
"20111021",30.8000
"20111020",30.7900
"20111019",31.9700
"20111018",31.0000
"20111017",32.3000
"20111014",31.8200
"20111013",31.9700
"20111012",32.8900
"20111011",31.3700
"20111010",32.2300
"20111007",31.9800
"20111006",31.8000
"20111005",28.6900
"20111004",30.6000
"20111003",31.0500
"20110930",30.4500
"20110929",30.1900
"20110928",31.0400
"20110927",33.5000
"20110926",28.1600
"20110923",32.9000
"20110922",37.8500
"20110921",40.2500
"20110920",39.1800
"20110919",40.4600
"20110916",39.9700
"20110915",40.3400
"20110914",41.2300
"20110913",40.0200
"20110912",40.8100
"20110909",41.4000
"20110908",42.1400
"20110907",40.9800
"20110906",41.8500
"20110905",42.7100
"20110902",42.5000
"20110901",41.4700
"20110831",41.3500
"20110830",40.9000
"20110826",41.0600
"20110825",39.0000
"20110824",42.0800
"20110823",42.8800
"20110822",43.4900
"20110819",41.9800
"20110818",40.3200
"20110817",40.0200
"20110816",39.3600
"20110815",39.1800
"20110812",38.2900
"20110811",39.1800
"20110810",38.3100
"20110809",38.3600
"20110808",39.8600
"20110805",39.2400
"20110804",41.6200
"20110803",41.0400
"20110802",39.7300
"20110801",39.3100
"20110729",39.6300
"20110728",40.1900
"20110727",40.8100
"20110726",40.3400
"20110725",40.7800
"20110722",39.6700
"20110721",39.7800
"20110720",38.5900
"20110719",40.3200
"20110718",40.3300
"20110715",38.1700
"20110714",39.4000
"20110713",36.7500
"20110712",34.9100
"20110711",36.3600
"20110708",36.2800
"20110707",35.8600
"20110706",35.3800
"20110705",34.7600
"20110704",34.1000
"20110701",33.8500
"20110630",35.0200
"20110629",34.3900
"20110628",33.9600
"20110627",34.0100
"20110624",34.7300
"20110623",36.0100
"20110622",35.9100
"20110621",36.2200
"20110620",35.5800
"20110617",35.3900
"20110616",35.5500
"20110615",35.2600
"20110614",34.6800
"20110613",35.5100
"20110610",37.3800
"20110609",37.0300
"20110608",36.2200
"20110607",37.4100
"20110606",36.8700
"20110603",35.1900
"20110602",37.2200
"20110601",37.9500
"20110531",38.6500
"20110527",37.6900
"20110526",36.9500
"20110525",37.1700
"20110524",35.8500
"20110523",34.7000
"20110520",34.8000
"20110519",35.7500
"20110518",34.5900
"20110517",34.2800
"20110516",34.3500
"20110513",36.2000
"20110512",32.5000
"20110511",39.1800
"20110510",38.4000
"20110509",38.0000
"20110506",34.2000
"20110505",37.8400
"20110504",40.2900
"20110503",43.6100
"20110428",48.7000
"20110427",45.3000
"20110426",45.4800
"20110421",46.2600
"20110420",44.7900
"20110419",43.2200
"20110418",42.7900
"20110415",42.6100
"20110414",40.6700
"20110413",40.2200
"20110412",40.4400
"20110411",41.3700
"20110408",40.2200
"20110407",39.5100
"20110406",39.6300
"20110405",38.0800
"20110404",38.4600
"20110401",37.6300
"20110331",37.8700
"20110330",37.5300
"20110329",36.6200
"20110328",36.6200
"20110325",37.6800
"20110324",37.7800
"20110323",36.5800
"20110322",35.9500
"20110321",36.1600
"20110318",35.1500
"20110317",34.4700
"20110316",34.7300
"20110315",33.8800
"20110314",36.1800
"20110311",34.1000
"20110310",35.1900
"20110309",36.1700
"20110308",36.3700
"20110307",36.6000
"20110304",34.4300
"20110303",34.5300
"20110302",34.7500
"20110301",34.3700
"20110228",33.4900
"20110225",32.5400
"20110224",33.2800
"20110223",33.2900
"20110222",32.8900
"20110221",33.4300
"20110218",31.9400
"20110217",30.6100
"20110216",30.7700
"20110215",30.7200
"20110214",30.1600
"20110211",30.0000
"20110210",29.8000
"20110209",30.2200
"20110208",29.4200
"20110207",29.2100
"20110204",28.9100
"20110203",28.3000
"20110202",28.2700
"20110201",28.3200
"20110131",27.7500
"20110128",26.6800
"20110127",27.3900
"20110126",27.1000
"20110125",26.7000
"20110124",27.5600
"20110121",27.1400
"20110120",28.4100
"20110119",29.3200
"20110118",28.7900
"20110117",28.1900
"20110114",28.5200
"20110113",29.2200
"20110112",29.6000
"20110111",29.5400
"20110110",28.7900
"20110107",28.3900
"20110106",29.0800
"20110105",29.2100
"20110104",30.6700
"20101231",30.6300
"20101230",30.7000
"20101229",30.4400
"20101224",29.0700
"20101223",29.1800
"20101222",29.3500
"20101221",29.2500
"20101220",29.2100
"20101217",28.7800
"20101216",29.1500
"20101215",29.0600
"20101214",29.8800
"20101213",29.3300
"20101210",28.7900
"20101209",28.4100
"20101208",29.0200
"20101207",30.5000
"20101206",29.6000
"20101203",28.7400
"20101202",28.5000
"20101201",28.7400
"20101130",27.1300
"20101129",26.7400
"20101126",26.6200
"20101125",27.4400
"20101124",27.4100
"20101123",27.3100
"20101122",27.4200
"20101119",27.0700
"20101118",26.5700
"20101117",25.2000
"20101116",25.4800
"20101115",26.0100
"20101112",26.7900
"20101111",27.7500
"20101110",27.5300
"20101109",28.5500
"20101108",26.7200
"20101105",26.1400
"20101104",25.3800
"20101103",25.0000
"20101102",24.7300
"20101101",24.9100
"20101029",23.9600
"20101028",23.7300
"20101027",23.7700
"20101026",23.4800
"20101025",23.7100
"20101022",23.0500
"20101021",23.9000
"20101020",23.7100
"20101019",24.2600
"20101018",24.0200
"20101015",24.4200
"20101014",24.4900
"20101013",23.5300
"20101012",23.0300
"20101011",23.3100
"20101008",22.3700
"20101007",23.3800
"20101006",22.9200
"20101005",22.2400
"20101004",22.0300
"20101001",21.9500
"20100930",22.0700
"20100929",21.8700
"20100928",21.1650
"20100927",21.5400
"20100924",21.3500
"20100923",21.0800
"20100922",21.0800
"20100921",20.7600
"20100920",20.9100
"20100917",20.8500
"20100916",20.7600
"20100915",20.4400
"20100914",20.3100
"20100913",19.9300
"20100910",19.9000
"20100909",19.9700
"20100908",19.9700
"20100907",19.6500
"20100906",19.8600
"20100903",19.6600
"20100902",19.4500
"20100901",19.4700
"20100831",18.8700
"20100827",19.0300
"20100826",19.1100
"20100825",18.6300
"20100824",17.8800
"20100823",17.9400
"20100820",18.1400
"20100819",18.4500
"20100818",18.3600
"20100817",18.5400
"20100816",18.2000
"20100813",18.0600
"20100812",17.9200
"20100811",18.1200
"20100810",18.0900
"20100809",18.4800
"20100806",18.3000
"20100805",18.3500
"20100804",18.5000
"20100803",18.4200
"20100802",18.1100
"20100730",17.6600
"20100729",17.6000
"20100728",17.6300
"20100727",18.1600
"20100726",18.0100
"20100723",18.1700
"20100722",17.8200
"20100721",17.8800
"20100720",17.5500
"20100719",17.7800
"20100716",18.2500
"20100715",18.4200
"20100714",18.2900
"20100713",18.0000
"20100712",18.0600
"20100709",17.8700
"20100708",18.0000
"20100707",17.6500
"20100706",17.8500
"20100705",17.8500
"20100702",17.9800
"20100701",18.6500
"20100630",18.7400
"20100629",18.5700
"20100628",19.1100
"20100625",18.6500
"20100624",18.3800
"20100623",18.9100
"20100622",18.6250
"20100621",19.3700
"20100618",18.7700
"20100617",18.5000
"20100616",18.5100
"20100615",18.4200
"20100614",18.4300
"20100611",18.3100
"20100610",17.9800
"20100609",18.2700
"20100608",18.3400
"20100607",17.3600
"20100604",17.7600
"20100603",18.2700
"20100602",18.4300
"20100601",18.3000
"20100528",18.5300
"20100527",18.3600
"20100526",18.2700
"20100525",17.6300
"20100524",17.7800
"20100521",17.7200
"20100520",17.9300
"20100519",18.5300
"20100518",18.8200
"20100517",19.1100
"20100514",19.6400
"20100513",19.4300
"20100512",19.5900
"20100511",18.4200
"20100510",18.4600
"20100507",17.7000
"20100506",17.6900
"20100505",17.6300
"20100504",18.7100
"20100430",18.6200
"20100429",18.1500
"20100428",17.9600
"20100427",18.1600
"20100426",18.3500
"20100423",17.8900
"20100422",17.9800
"20100421",17.8200
"20100420",18.0000
"20100419",17.5000
"20100416",18.3500
"20100415",18.2700
"20100414",18.3900
"20100413",18.1600
"20100412",18.4900
"20100409",18.3400
"20100408",17.9800
"20100407",17.9700
"20100406",17.9200
"20100401",17.6900
"20100331",17.5000
"20100330",17.4100
"20100329",17.1500
"20100326",16.8500
"20100325",16.7900
"20100324",16.6800
"20100323",16.7800
"20100322",16.7800
"20100319",17.3100
"20100318",17.4900
"20100317",17.5400
"20100316",17.2400
"20100315",17.0200
"20100312",17.3100
"20100311",16.9100
"20100310",17.4700
"20100309",17.0500
"20100308",17.3300
"20100305",17.2500
"20100304",17.3400
"20100303",17.1700
"20100302",16.5700
"20100301",16.5000
"20100226",16.1200
"20100225",15.9200
"20100224",15.7600
"20100223",16.1000
"20100222",16.4400
"20100219",15.9500
"20100218",15.8300
"20100217",16.2100
"20100216",15.8200
"20100215",15.5700
"20100212",15.3300
"20100211",15.3700
"20100210",15.6000
"20100209",15.2000
"20100208",15.1400
"20100205",15.1700
"20100204",16.1300
"20100203",16.7900
"20100202",16.7800
"20100201",16.2300
"20100129",16.2900
"20100128",16.6200
"20100127",16.7400
"20100126",16.7900
"20100125",17.1600
"20100122",17.2800
"20100121",17.6800
"20100120",18.4800
"20100119",18.5000
"20100118",18.6600
"20100115",18.5200
"20100114",18.5800
"20100113",18.3500
"20100112",18.4100
"20100111",18.8400
"20100108",18.1200
"20100107",18.0900
"20100106",17.8900
"20100105",17.5700
"20100104",17.1700
"20091231",16.9900
"20091230",16.9200
"20091229",17.4200
"20091224",17.3200
"20091223",16.9200
"20091222",16.9500
"20091221",17.2700
"20091218",17.3100
"20091217",17.4000
"20091216",17.6000
"20091215",17.1800
"20091214",17.1900
"20091211",17.5100
"20091210",17.3900
"20091209",17.7700
"20091208",18.1100
"20091207",18.0400
"20091204",18.8300
"20091203",19.1100
"20091202",19.1800
"20091201",18.7200
"20091130",18.1400
"20091127",17.7400
"20091126",18.4900
"20091125",18.6300
"20091124",18.5700
"20091123",18.7600
"20091120",18.1800
"20091119",18.2000
"20091118",18.7400
"20091117",18.1000
"20091116",17.7400
"20091113",17.3225
"20091112",17.5100
"20091111",17.6300
"20091110",17.2600
"20091109",17.6800
"20091106",17.5250
"20091105",17.3800
"20091104",17.4800
"20091103",16.3500
"20091102",16.5800
"20091030",16.5700
"20091029",16.3300
"20091028",16.3300
"20091027",17.0600
"20091026",17.6100
"20091023",17.6500
"20091022",17.5500
"20091021",17.3900
"20091020",17.7550
"20091019",17.5200
"20091016",17.3100
"20091015",17.5400
"20091014",17.9300
"20091013",17.9900
"20091012",17.8900
"20091009",17.6300
"20091008",17.8000
"20091007",17.4000
"20091006",16.9500
"20091005",16.2300
"20091002",16.2100
"20091001",16.5500
"20090930",16.4500
"20090929",16.0700
"20090928",15.9100
"20090925",16.2000
"20090924",16.7600
"20090923",17.1000
"20090922",17.2400
"20090921",16.6800
"20090918",17.1100
"20090917",17.3800
"20090916",17.2900
"20090915",16.5200
"20090914",16.3500
"20090911",16.8900
"20090910",16.0900
"20090909",16.2400
"20090908",16.7500
"20090907",16.2100
"20090904",15.9500
"20090903",15.7300
"20090902",14.9100
"20090901",14.7400
"20090828",14.5400
"20090827",14.2000
"20090826",14.3200
"20090825",14.1100
"20090824",14.4100
"20090821",14.0100
"20090820",14.0400
"20090819",13.5850
"20090818",14.0900
"20090817",14.1300
"20090814",14.9800
"20090813",15.0700
"20090812",14.2800
"20090811",14.3550
"20090810",14.4700
"20090807",14.6500
"20090806",14.6700
"20090805",14.6700
"20090804",14.0800
"20090803",14.2900
"20090731",13.6300
"20090730",13.4000
"20090729",13.6000
"20090728",14.0200
"20090727",14.0600
"20090724",13.7800
"20090723",13.7600
"20090722",13.4000
"20090721",13.5200
"20090720",13.7400
"20090717",13.1600
"20090716",13.2100
"20090715",13.2700
"20090714",12.8800
"20090713",12.4700
"20090710",12.6300
"20090709",12.8900
"20090708",13.0500
"20090707",13.3200
"20090706",13.0300
"20090703",13.4400
"20090702",13.4100
"20090701",13.6500
"20090630",13.9400
"20090629",14.0700
"20090626",14.2600
"20090625",13.8700
"20090624",13.8800
"20090623",13.7700
"20090622",13.8300
"20090619",14.2300
"20090618",14.1900
"20090617",14.0200
"20090616",14.3000
"20090615",14.3100
"20090612",15.0700
"20090611",15.0900
"20090610",15.3900
"20090609",14.9300
"20090608",14.8400
"20090605",15.6500
"20090604",15.3050
"20090603",15.9700
"20090602",15.6200
"20090601",15.8600
"20090529",15.5200
"20090528",14.8800
"20090527",14.5000
"20090526",14.3000
"20090522",14.6600
"20090521",14.2300
"20090520",14.2900
"20090519",13.8800
"20090518",13.7900
"20090515",13.9200
"20090514",13.8400
"20090513",14.1400
"20090512",14.0900
"20090511",13.9000
"20090508",13.9000
"20090507",14.0100
"20090506",13.4400
"20090505",13.1100
"20090501",12.1500
"20090430",12.6300
"20090429",12.5000
"20090428",12.5600
"20090427",12.9800
"20090424",12.7800
"20090423",12.4300
"20090422",12.1200
"20090421",12.1400
"20090420",12.0600
"20090417",11.9800
"20090416",12.6500
"20090415",12.9350
"20090414",12.6500
"20090409",12.3000
"20090408",12.2800
"20090407",12.1700
"20090406",12.4100
"20090403",12.8600
"20090402",12.8800
"20090401",12.9800
"20090331",13.1100
"20090330",12.9600
"20090327",13.2200
"20090326",13.6000
"20090325",13.1600
"20090324",13.5100
"20090323",13.7600
"20090320",13.6500
"20090319",13.1300
"20090318",12.6100
"20090317",12.8600
"20090316",13.0600
"20090313",13.1100
"20090312",12.8400
"20090311",12.6200
"20090310",12.7100
"20090309",13.3600
"20090306",13.4600
"20090305",13.1500
"20090304",12.8700
"20090303",12.6800
"20090302",13.1400
"20090227",13.2100
"20090226",13.4800
"20090225",13.8100
"20090224",14.3900
"20090223",14.3600
"20090220",14.2800
"20090219",14.2600
"20090218",14.0500
"20090217",13.9000
"20090216",13.5500
"20090213",13.3700
"20090212",13.3400
"20090211",13.3900
"20090210",12.9600
"20090209",13.0100
"20090206",12.8900
"20090205",12.8000
"20090204",12.4000
"20090203",12.3700
"20090202",12.4300
"20090130",12.5100
"20090129",11.7400
"20090128",11.9800
"20090127",11.9100
"20090126",12.1000
"20090123",11.4600
"20090122",11.3200
"20090121",11.3400
"20090120",11.3200
"20090119",11.1600
"20090116",10.7800
"20090115",10.5100
"20090114",10.7700
"20090113",10.6200
"20090112",11.0900
"20090109",11.2200
"20090108",10.8800
"20090107",11.4100
"20090106",10.8500
"20090105",11.0700
"20090102",11.0800
"20081231",10.7900
"20081230",10.8300
"20081229",10.9300
"20081224",10.2900
"20081223",10.7000
"20081222",10.9700
"20081219",10.6100
"20081218",11.2900
"20081217",10.9800
"20081216",10.5000
"20081215",10.3300
"20081212",10.0700
"20081211",10.3900
"20081210",9.9600
"20081209",9.8300
"20081208",9.7300
"20081205",9.4600
"20081204",9.5800
"20081203",9.4300
"20081202",9.4100
"20081201",9.9100
"20081128",10.1200
"20081127",10.2600
"20081126",10.3000
"20081125",10.3300
"20081124",10.0400
"20081121",9.1700
"20081120",9.3900
"20081119",9.4000
"20081118",9.3800
"20081117",9.5000
"20081114",9.3300
"20081113",9.3650
"20081112",9.6500
"20081111",9.9400
"20081110",10.3100
"20081107",10.1300
"20081106",10.4100
"20081105",10.2800
"20081104",9.9500
"20081103",10.0500
"20081031",9.2800
"20081030",10.0200
"20081029",9.3800
"20081028",9.0900
"20081027",9.0100
"20081024",8.8800
"20081023",9.3400
"20081022",9.8400
"20081021",9.8600
"20081020",9.7900
"20081017",9.5600
"20081016",9.9900
"20081015",10.9200
"20081014",10.8900
"20081013",10.6100
"20081010",11.7400
"20081009",11.6400
"20081008",11.6500
"20081007",11.6400
"20081006",11.2900
"20081003",11.2000
"20081002",12.2500
"20081001",12.2800
"20080930",12.9600
"20080929",13.0600
"20080926",13.1800
"20080925",13.3400
"20080924",13.2900
"20080923",13.3800
"20080922",12.9850
"20080919",12.1500
"20080918",12.9300
"20080917",10.7700
"20080916",10.8800
"20080915",10.8400
"20080912",10.8000
"20080911",10.6600
"20080910",11.2700
"20080909",12.0400
"20080908",12.3800
"20080905",12.7200
"20080904",13.0200
"20080903",12.7900
"20080902",13.1800
"20080901",13.5800
"20080829",13.7600
"20080828",13.7800
"20080827",13.7600
"20080826",13.0500
"20080822",13.6200
"20080821",13.5900
"20080820",13.2700
"20080819",13.0100
"20080818",13.0100
"20080815",12.8200
"20080814",14.8600
"20080813",14.6800
"20080812",14.4500
"20080811",15.3350
"20080808",15.7600
"20080807",16.5900
"20080806",16.7400
"20080805",16.6700
"20080804",17.3700
"20080801",17.5900
"20080731",17.4800
"20080730",17.1200
"20080729",17.4200
"20080728",17.4700
"20080725",17.5500
"20080724",17.5200
"20080723",17.5900
"20080722",18.6000
"20080721",18.3500
"20080718",18.5500
"20080717",18.6700
"20080716",18.8300
"20080715",19.3000
"20080714",18.6900
"20080711",18.3800
"20080710",18.1700
"20080709",17.8200
"20080708",17.6200
"20080707",17.8500
"20080704",18.0100
"20080703",18.3100
"20080702",17.9200
"20080701",17.5600
"20080630",17.6500
"20080627",17.4000
"20080625",16.7000
"20080624",16.8500
"20080623",17.1900
"20080620",17.4400
"20080619",17.2200
"20080618",17.0000
"20080617",17.2200
"20080616",16.7300
"20080613",16.3100
"20080612",16.5900
"20080611",16.5800
"20080610",16.9400
"20080609",17.4600
"20080606",17.1900
"20080605",16.6500
"20080604",16.6700
"20080603",16.8200
"20080602",16.8600
"20080530",16.8500
"20080529",17.1700
"20080528",17.2600
"20080527",18.1400
"20080523",18.1000
"20080522",17.8200
"20080521",17.7700
"20080520",17.0300
"20080519",17.1800
"20080516",16.8300
"20080515",16.6000
"20080514",16.6900
"20080513",17.0800
"20080512",16.7400
"20080509",16.9700
"20080508",16.5800
"20080507",16.6900
"20080506",16.7000
"20080502",16.1900
"20080501",16.6400
"20080430",16.4700
"20080429",16.7800
"20080428",16.9400
"20080425",16.6800
"20080424",17.0900
"20080423",17.5500
"20080422",17.5600
"20080421",17.8600
"20080418",18.1800
"20080417",18.5600
"20080416",18.0700
"20080415",17.8600
"20080411",17.9500
"20080410",18.3200
"20080409",17.4900
"20080408",18.0000
"20080407",17.9600
"20080404",17.4500
"20080403",17.1500
"20080402",16.8900
"20080401",16.7400
"20080331",17.9900
"20080328",18.3600
"20080327",18.2000
"20080326",18.0700
"20080325",17.5750
"20080320",17.5300
"20080319",19.8800
"20080318",20.3800
"20080317",20.9200
"20080314",20.4100
"20080313",20.7900
"20080312",19.7000
"20080311",20.2500
"20080310",19.5700
"20080307",20.2200
"20080306",20.8000
"20080305",19.4800
"20080304",20.3200
"20080303",20.1600
"20080229",19.6200
"20080228",19.2400
"20080227",19.3300
"20080226",18.1200
"20080225",18.0600
"20080222",17.9400
"20080221",17.9800
"20080220",17.4200
"20080219",17.2500
"20080218",17.0100
"20080215",17.3800
"20080214",17.2600
"20080213",16.9800
"20080212",17.4600
"20080211",17.3700
"20080208",16.9500
"20080207",16.7000
"20080205",16.5100
"20080204",16.7000
"20080201",17.1900
"20080131",16.7400
"20080130",16.7600
"20080129",16.7500
"20080128",16.4400
"20080125",16.5300
"20080124",16.3500
"20080123",15.9500
"20080122",15.5700
"20080121",15.7700
"20080118",15.8250
"20080117",15.8800
"20080116",15.8500
"20080115",16.2400
"20080114",16.5000
"20080111",16.0600
"20080110",15.6200
"20080109",16.0000
"20080108",15.4850
"20080107",15.2400
"20080104",15.2750
"20080103",15.3800
"20080102",14.9300
"20071228",14.7500
"20071227",14.6700
"20071224",14.3500
"20071221",14.2800
"20071220",13.9700
"20071219",13.9800
"20071218",13.9700
"20071217",13.7450
"20071214",14.0100
"20071213",14.6100
"20071212",14.6350
"20071211",14.6150
"20071210",14.3800
"20071207",14.4400
"20071206",14.0600
"20071205",14.3400
"20071204",14.2500
"20071203",13.8600
"20071130",14.2300
"20071129",14.3800
"20071128",14.2750
"20071127",14.6500
"20071126",14.8850
"20071123",14.5500
"20071122",14.5200
"20071121",14.5500
"20071120",14.3600
"20071119",14.5200
"20071116",14.4500
"20071115",14.8200
"20071114",14.9700
"20071113",14.6750
"20071112",15.1400
"20071109",15.1500
"20071108",15.3600
"20071107",15.8200
"20071106",14.9600
"20071105",14.4900
"20071102",14.3200
"20071101",14.3600
"20071031",14.3200
"20071030",14.1750
"20071029",14.4100
"20071026",14.0700
"20071025",13.7250
"20071024",13.4400
"20071023",13.5700
"20071022",13.3500
"20071019",13.8300
"20071018",13.6800
"20071017",13.6000
"20071016",13.6600
"20071015",13.9500
"20071012",13.7900
"20071011",13.6700
"20071010",13.6200
"20071009",13.2100
"20071008",13.2900
"20071005",13.4350
"20071004",13.2200
"20071003",13.3500
"20071002",13.2800
"20071001",13.7750
"20070928",13.6500
"20070927",13.5100
"20070926",13.4400
"20070925",13.2800
"20070924",13.6200
"20070921",13.4700
"20070920",13.1700
"20070919",12.9950
"20070918",12.9600
"20070917",12.5900
"20070914",12.5000
"20070913",12.4700
"20070912",12.6600
"20070911",12.5700
"20070910",12.5600
"20070907",12.5700
"20070906",12.2450
"20070905",12.2150
"20070904",12.0950
"20070903",12.1000
"20070831",11.9500
"20070830",11.8600
"20070829",11.8000
"20070828",11.8300
"20070824",11.7000
"20070823",11.8800
"20070822",11.6800
"20070821",11.6700
"20070820",11.9500
"20070817",11.6900
"20070816",12.3650
"20070815",12.5100
"20070814",12.7600
"20070813",12.8700
"20070810",12.6900
"20070809",12.9750
"20070808",13.0300
"20070807",12.9900
"20070806",13.1000
"20070803",12.9600
"20070802",12.9600
"20070801",12.7700
"20070731",12.9300
"20070730",12.7300
"20070727",12.7500
"20070726",13.1300
"20070725",13.1750
"20070724",13.3400
"20070723",13.3400
"20070720",13.2900
"20070719",13.2500
"20070718",12.9400
"20070717",12.9000
"20070716",13.0300
"20070713",13.1250
"20070712",12.9500
"20070711",12.9500
"20070710",12.7600
"20070709",12.7400
"20070706",12.4000
"20070705",12.6000
"20070704",12.6050
"20070703",12.6000
"20070702",12.4700
"20070629",12.5400
"20070628",12.4250
"20070627",12.2600
"20070626",12.8500
"20070625",12.9600
"20070622",13.1550
"20070621",13.1700
"20070620",13.3400
"20070619",13.1900
"20070618",13.3100
"20070615",13.0600
"20070614",13.0400
"20070613",12.8600
"20070612",13.1500
"20070611",13.1600
"20070608",13.3100
"20070607",13.6500
"20070606",13.6900
"20070605",13.7100
"20070604",13.6700
"20070601",13.5300
"20070531",13.2500
"20070530",13.1100
"20070529",13.0300
"20070525",12.9250
"20070524",13.0400
"20070523",12.9600
"20070522",13.0700
"20070521",12.9300
"20070518",12.8700
"20070517",12.9000
"20070516",13.1600
"20070515",13.0200
"20070514",13.1900
"20070511",13.0400
"20070510",13.2900
"20070509",13.4500
"20070508",13.4800
"20070504",13.4000
"20070503",13.3300
"20070502",13.1800
"20070501",13.4500
"20070430",13.5000
"20070427",13.3500
"20070426",13.6600
"20070425",13.7900
"20070424",14.0300
"20070423",13.8600
"20070420",13.8700
"20070419",13.8350
"20070418",13.9600
"20070417",13.9600
"20070416",14.0900
"20070413",13.8800
"20070412",13.8400
"20070411",13.9200
"20070410",13.8400
"20070405",13.5800
"20070404",13.4500
"20070403",13.2800
"20070402",13.3350
"20070330",13.3500
"20070329",13.3400
"20070328",13.3600
"20070327",13.3400
"20070326",13.2600
"20070323",13.3700
"20070322",13.3750
"20070321",13.3300
"20070320",13.2500
"20070319",13.1600
"20070316",13.0700
"20070315",12.9000
"20070314",12.6500
"20070313",12.9200
"20070312",12.9700
"20070309",13.0700
"20070308",13.0900
"20070307",12.8900
"20070306",12.9350
"20070305",12.6050
"20070302",13.5300
"20070301",14.2900
"20070228",14.3100
"20070227",14.4900
"20070226",14.5800
"20070223",14.2800
"20070222",14.2500
"20070221",13.7400
"20070220",13.9000
"20070219",14.0300
"20070216",13.9000
"20070215",13.9800
"20070214",13.9600
"20070213",13.7900
"20070212",13.7800
"20070209",13.8400
"20070208",13.5300
"20070207",13.6500
"20070206",13.6600
"20070205",13.2900
"20070202",13.6600
"20070201",13.5800
"20070131",13.3600
"20070130",13.1500
"20070129",13.2500
"20070126",13.2200
"20070125",13.3800
"20070124",13.2000
"20070123",13.0900
"20070122",12.8650
"20070119",12.7200
"20070118",12.8400
"20070117",12.5500
"20070116",12.8400
"20070115",12.8850
"20070112",12.4300
"20070111",12.4100
"20070110",12.4500
"20070109",12.3600
"20070108",12.2100
"20070105",12.7000
"20070104",12.6200
"20070103",12.9100
"20070102",13.0100
"20061229",12.9000
"20061228",12.8400
"20061227",12.8600
"20061222",12.5000
"20061221",12.5200
"20061220",12.8000
"20061219",12.4600
"20061218",12.9700
"20061215",13.7300
"20061214",13.7700
"20061213",13.7950
"20061212",13.8500
"20061211",13.7200
"20061208",13.8400
"20061207",13.6700
"20061206",13.6800
"20061205",14.0450
"20061204",14.0500
"20061201",13.8500
"20061130",13.6800
"20061129",13.6500
"20061128",13.4400
"20061127",13.4850
"20061124",13.3650
"20061123",13.1200
"20061122",13.0700
"20061121",12.9200
"20061120",12.9200
"20061117",12.7500
"20061116",12.9400
"20061115",12.6900
"20061114",12.8500
"20061113",12.8600
"20061110",13.0250
"20061109",12.5950
"20061108",12.6050
"20061107",12.6200
"20061106",12.5100
"20061103",12.6200
"20061102",12.4100
"20061101",12.3600
"20061031",12.0800
"20061030",12.1300
"20061027",12.0500
"20061026",11.9700
"20061025",11.7500
"20061024",11.5700
"20061023",11.7100
"20061020",11.9800
"20061019",11.6200
"20061018",11.7600
"20061017",11.8500
"20061016",11.7200
"20061013",11.4000
"20061012",11.3000
"20061011",11.1400
"20061010",11.2100
"20061009",11.3350
"20061006",11.0100
"20061005",10.9600
"20061004",10.8250
"20061003",11.3400
"20061002",11.5800
"20060929",11.5500
"20060928",11.6600
"20060927",11.5800
"20060926",11.1100
"20060925",11.0500
"20060922",11.2800
"20060921",11.0200
"20060920",10.7400
"20060919",10.9100
"20060918",10.9700
"20060915",10.7000
"20060914",11.3500
"20060913",11.0000
"20060912",11.3400
"20060911",11.7600
"20060908",12.2900
"20060907",13.0600
"20060906",12.9500
"20060905",13.1500
"20060904",12.9950
"20060901",12.7500
"20060831",12.6000
"20060830",12.2200
"20060829",12.1400
"20060825",12.4000
"20060824",12.5800
"20060823",12.4200
"20060822",12.2000
"20060821",12.2400
"20060818",12.0100
"20060817",12.2800
"20060816",12.1500
"20060815",11.9900
"20060814",11.7600
"20060811",12.2750
"20060810",12.4300
"20060809",12.2650
"20060808",12.1300
"20060807",12.4500
"20060804",12.2000
"20060803",12.0650
"20060802",11.7500
"20060801",11.3550
"20060731",11.4400
"20060728",11.3400
"20060727",11.2200
"20060726",10.9000
"20060725",11.0100
"20060724",10.7400
"20060721",11.0100
"20060720",11.0800
"20060719",10.5200
"20060718",11.0100
"20060717",11.5000
"20060714",11.6300
"20060713",11.6200
"20060712",11.7500
"20060711",11.2900
"20060710",11.0400
"20060707",11.5100
"20060706",11.3100
"20060705",11.4500
"20060704",11.2300
"20060703",11.2800
"20060630",10.7000
"20060629",10.3800
"20060628",10.3800
"20060627",10.2600
"20060626",10.3600
"20060623",10.0900
"20060622",10.5400
"20060621",10.2700
"20060620",10.1500
"20060619",9.8900
"20060616",10.2800
"20060615",10.1500
"20060614",9.7200
"20060613",10.4700
"20060612",11.0200
"20060609",11.4100
"20060608",11.5500
"20060607",11.4600
"20060606",11.8700
"20060605",12.3700
"20060602",12.1500
"20060601",12.0500
"20060531",13.1300
"20060530",12.9000
"20060526",12.7000
"20060525",12.5700
"20060524",12.8000
"20060523",12.8700
"20060522",12.1600
"20060519",12.4300
"20060518",13.1200
"20060517",13.8200
"20060516",13.2200
"20060515",13.2500
"20060512",14.9400
"20060511",14.4300
"20060510",14.3400
"20060509",13.8950
"20060508",13.7500
"20060505",14.0700
"20060504",13.6850
"20060503",14.4200
"20060502",13.9200
"20060428",12.5550
"20060427",12.5200
"20060426",12.7200
"20060425",12.4650
"20060424",12.7800
"20060421",12.1850
"20060420",14.3100
"20060419",14.2700
"20060418",13.6350
"20060413",12.6100
"20060412",12.7500
"20060411",12.6700
"20060410",12.4175
"20060407",12.1650
"20060406",12.0300
"20060405",11.6550
"20060404",11.7450
"20060403",11.5850
"20060331",11.7550
"20060330",11.4500
"20060329",10.8750
"20060328",10.8100
"20060327",10.8950
"20060324",10.6800
"20060323",10.5000
"20060322",10.5300
"20060321",10.2800
"20060320",10.3400
"20060317",10.3650
"20060316",10.2750
"20060315",10.2500
"20060314",10.0650
"20060313",10.0150
"20060310",9.8550
"20060309",9.8750
"20060308",9.9500
"20060307",9.9950
"20060306",10.2200
"20060303",10.2600
"20060302",9.7875
"20060301",9.8000
"20060228",9.6950
"20060227",9.6650
"20060224",9.5400
"20060223",9.5725
"20060222",9.5300
"20060221",9.4900
"20060220",9.5400
"20060217",9.4600
"20060216",9.2000
"20060215",9.3200
"20060214",9.2200
"20060213",9.2600
"20060210",9.5500
"20060209",9.5000
"20060208",9.2750
"20060207",9.7200
"20060206",9.7600
"20060203",9.8100
"20060202",9.8200
"20060201",9.7700
"20060131",9.9100
"20060130",9.6550
"20060127",9.6900
"20060126",9.4900
"20060125",9.4250
"20060124",9.0000
"20060123",8.9250
"20060120",9.0800
"20060119",8.9050
"20060118",8.8750
"20060117",9.0350
"20060116",9.1900
"20060113",9.0100
"20060112",9.0000
"20060111",8.9000
"20060110",9.0400
"20060109",9.1000
"20060106",8.8300
"20060105",8.9900
"20060104",9.1400
"20060103",9.0400
"20051230",8.8300
"20051229",8.9050
"20051228",8.7600
"20051223",8.5000
"20051222",8.3850
"20051221",8.2750
"20051220",8.5500
"20051219",8.6150
"20051216",8.6100
"20051215",8.3900
"20051214",8.3900
"20051213",8.7400
"20051212",9.2250
"20051209",8.9700
"20051208",8.7900
"20051207",8.8200
"20051206",8.6000
"20051205",8.5900
"20051202",8.5350
"20051201",8.3150
"20051130",8.2100
"20051129",8.2900
"20051128",8.2675
"20051125",8.2000
"20051124",8.1350
"20051123",8.0500
"20051122",8.1650
"20051121",8.1100
"20051118",8.1100
"20051117",8.0950
"20051116",7.7850
"20051115",7.7700
"20051114",7.8275
"20051111",7.6975
"20051110",7.7400
"20051109",7.6500
"20051108",7.5225
"20051107",7.4850
"20051104",7.5550
"20051103",7.5750
"20051102",7.4200
"20051101",7.5350
"20051031",7.7650
"20051028",7.7900
"20051027",7.8100
"20051026",7.8300
"20051025",7.7200
"20051024",7.6150
"20051021",7.6000
"20051020",7.6000
"20051019",7.7300
"20051018",7.7750
"20051017",7.8600
"20051014",7.6700
"20051013",7.7350
"20051012",7.8450
"20051011",7.7600
"20051010",7.7750
"20051007",7.6200
"20051006",7.4300
"20051005",7.3450
"20051004",7.4300
"20051003",7.3750
"20050930",7.5300
"20050929",7.4000
"20050928",7.2700
"20050927",7.2950
"20050926",7.2250
"20050923",7.2900
"20050922",7.4225
"20050921",7.2850
"20050920",7.3300
"20050919",7.3100
"20050916",7.0800
"20050915",7.0275
"20050914",6.9550
"20050913",6.9850
"20050912",6.9750
"20050909",6.9850
"20050908",7.0400
"20050907",7.0200
"20050906",7.0250
"20050905",7.0550
"20050902",7.0200
"20050901",6.8550
"20050831",6.7400
"20050830",6.7550
"20050826",6.8450
"20050825",6.9450
"20050824",6.9650
"20050823",7.0550
"20050822",6.9900
"20050819",6.9950
"20050818",6.9600
"20050817",7.0000
"20050816",6.9800
"20050815",7.0650
"20050812",7.1750
"20050811",7.0850
"20050810",7.0700
"20050809",6.9950
"20050808",7.1300
"20050805",7.2025
"20050804",7.2250
"20050803",7.2550
"20050802",7.2400
"20050801",7.2500
"20050729",7.1450
"20050728",7.0650
"20050727",6.9900
"20050726",7.0750
"20050725",7.1100
"20050722",7.1150
"20050721",7.0950
"20050720",6.9650
"20050719",6.9450
"20050718",6.9950
"20050715",6.9650
"20050714",6.9850
"20050713",7.0350
"20050712",7.1025
"20050711",7.0400
"20050708",6.9425
"20050707",7.0300
"20050706",6.8850
"20050705",6.8900
"20050704",6.9100
"20050701",7.0200
"20050630",7.1000
"20050629",7.0700
"20050628",7.2150
"20050627",7.2400
"20050624",7.2850
"20050623",7.2200
"20050622",7.2400
"20050621",7.2150
"20050620",7.3700
"20050617",7.3950
"20050616",7.3750
"20050615",7.2550
"20050614",7.2550
"20050613",7.2000
"20050610",7.2400
"20050609",7.3800
"20050608",7.4000
"20050607",7.5250
"20050606",7.4600
"20050603",7.5300
"20050602",7.4800
"20050601",7.3800
"20050531",7.1300
"20050527",7.1700
"20050526",7.0800
"20050525",7.0100
"20050524",7.0075
"20050523",6.9800
"20050520",7.1000
"20050519",7.1800
"20050518",7.0200
"20050517",6.9700
"20050516",6.8850
"20050513",6.8800
"20050512",7.0050
"20050511",7.0800
"20050510",7.0600
"20050509",6.9550
"20050506",7.0350
"20050505",7.0500
"20050504",6.8950
"20050503",6.8500
"20050429",6.9800
"20050428",7.0950
"20050427",7.2150
"20050426",7.2650
"20050425",7.2150
"20050422",7.2350
"20050421",7.2850
"20050420",7.2050
"20050419",7.0550
"20050418",7.0450
"20050415",7.0100
"20050414",7.1050
"20050413",7.1600
"20050412",7.2350
"20050411",7.1850
"20050408",7.0300
"20050407",7.1200
"20050406",7.0500
"20050405",6.9400
"20050404",6.9600
"20050401",7.1050
"20050331",7.1875
"20050330",6.9600
"20050329",6.9200
"20050324",6.9350
"20050323",6.9150
"20050322",7.1100
"20050321",7.2500
"20050318",7.3350
"20050317",7.3600
"20050316",7.4100
"20050315",7.4150
"20050314",7.4750
"20050311",7.4150
"20050310",7.5200
"20050309",7.5700
"20050308",7.4000
"20050307",7.3500
"20050304",7.1700
"20050303",7.2900
"20050302",7.1300
"20050301",7.2600
"20050228",7.3500
"20050225",7.2425
"20050224",7.4700
"20050223",7.4500
"20050222",7.5500
"20050221",7.3650
"20050218",7.3200
"20050217",7.2550
"20050216",7.1300
"20050215",7.2450
"20050214",7.2450
"20050211",6.9800
"20050210",6.5775
"20050209",6.5500
"20050208",6.4850
"20050207",6.5950
"20050204",6.6550
"20050203",6.7050
"20050202",6.7300
"20050201",6.7000
"20050131",6.7200
"20050128",6.7700
"20050127",6.7850
"20050126",6.7200
"20050125",6.7900
"20050124",6.8100
"20050121",6.5800
"20050120",6.5200
"20050119",6.6800
"20050118",6.5800
"20050117",6.5950
"20050114",6.6300
"20050113",6.7075
"20050112",6.5800
"20050111",6.5225
"20050110",6.4700
"20050107",6.4600
"20050106",6.4200
"20050105",6.4550
"20050104",6.3900
"20041231",6.8150
"20041230",6.7700
"20041229",6.9700
"20041224",6.8850
"20041223",6.8800
"20041222",6.8450
"20041221",6.8500
"20041220",6.8100
"20041217",6.6850
"20041216",6.7850
"20041215",6.7800
"20041214",6.7650
"20041213",6.8275
"20041210",6.7100
"20041209",6.9000
"20041208",7.4800
"20041207",7.8425
"20041206",8.0000
"20041203",7.8300
"20041202",8.0400
"20041201",7.7150
"20041130",7.7550
"20041129",7.6500
"20041126",7.6700
"20041125",7.6900
"20041124",7.5600
"20041123",7.5650
"20041122",7.6150
"20041119",7.5850
"20041118",7.6600
"20041117",7.6225
"20041116",7.5050
"20041115",7.5900
"20041112",7.4850
"20041111",7.4150
"20041110",7.5000
"20041109",7.4300
"20041108",7.4450
"20041105",7.3600
"20041104",7.2550
"20041103",7.0450
"20041102",7.1950
"20041101",7.2400
"20041029",7.1600
"20041028",7.0600
"20041027",7.3200
"20041026",7.3100
"20041025",7.4400
"20041022",7.2050
"20041021",7.3250
"20041020",7.2400
"20041019",6.9600
"20041018",7.0400
"20041015",7.0600
"20041014",6.9950
"20041013",6.7850
"20041012",7.0250
"20041011",7.2350
"20041008",7.1500
"20041007",7.1300
"20041006",7.1500
"20041005",6.7350
"20041004",6.8300
"20041001",6.8400
"20040930",6.6650
"20040929",6.5300
"20040928",6.5900
"20040927",6.3900
"20040924",6.4200
"20040923",6.3900
"20040922",6.3000
"20040921",6.2800
"20040920",6.2050
"20040917",6.2650
"20040916",6.2675
"20040915",6.1850
"20040914",6.1900
"20040913",6.1300
"20040910",6.1400
"20040909",6.1300
"20040908",6.1800
"20040907",6.5150
"20040906",6.5400
"20040903",6.7125
"20040902",6.7600
"20040901",6.7300
"20040831",6.7400
"20040827",6.6750
"20040826",6.6000
"20040825",6.5700
"20040824",6.6500
"20040823",6.7700
"20040820",6.8050
"20040819",6.8200
"20040818",6.6950
"20040817",6.7100
"20040816",6.6900
"20040813",6.4800
"20040812",6.5800
"20040811",6.6000
"20040810",6.6800
"20040809",6.7000
"20040806",6.6800
"20040805",6.6400
"20040804",6.6200
"20040803",6.5000
"20040802",6.6400
"20040730",6.4200
"20040729",6.3200
"20040728",6.1900
"20040727",6.2400
"20040726",6.2950
"20040723",6.3100
"20040722",6.3450
"20040721",6.4700
"20040720",6.5750
"20040719",6.7050
"20040716",6.6200
"20040715",6.5400
"20040714",6.4150
"20040713",6.3800
"20040712",6.5300
"20040709",6.5000
"20040708",6.2000
"20040707",6.0350
"20040706",6.0250
"20040705",6.0350
"20040702",5.8850
"20040701",5.8750
"20040630",5.9100
"20040629",5.8900
"20040628",6.1775
"20040625",6.1500
"20040624",5.8750
"20040623",5.8800
"20040622",5.8000
"20040621",5.9400
"20040618",5.9500
"20040617",5.7550
"20040616",5.6500
"20040615",5.6300
"20040614",5.6600
"20040611",5.6900
"20040610",5.6575
"20040609",5.7400
"20040608",5.9000
"20040607",5.8650
"20040604",5.7600
"20040603",5.8200
"20040602",6.0900
"20040601",6.1700
"20040528",6.1650
"20040527",6.0700
"20040526",6.1100
"20040525",6.0300
"20040524",5.8350
"20040521",5.8600
"20040520",5.8350
"20040519",5.7200
"20040518",5.7400
"20040517",5.8100
"20040514",5.5600
"20040513",5.5500
"20040512",5.6350
"20040511",5.6700
"20040510",5.4950
"20040507",5.8000
"20040506",6.0300
"20040505",6.0850
"20040504",6.1000
"20040430",5.9500
"20040429",5.5700
"20040428",6.2300
"20040427",6.2750
"20040426",6.2250
"20040423",6.1900
"20040422",6.1400
"20040421",6.4200
"20040420",7.0350
"20040419",7.2750
"20040416",7.1150
"20040415",6.8600
"20040414",7.1550
"20040413",7.8550
"20040408",8.0850
"20040407",8.1550
"20040406",8.1400
"20040405",8.1950
"20040402",8.2900
"20040401",7.9400
"20040331",7.8250
"20040330",7.6100
"20040329",7.6700
"20040326",7.4900
"20040325",7.5400
"20040324",7.6750
"20040323",7.5400
"20040322",7.6500
"20040319",7.4250
"20040318",7.2350
"20040317",7.1550
"20040316",7.1550
"20040315",7.1050
"20040312",7.2050
"20040311",7.0950
"20040310",7.1700
"20040309",6.9200
"20040308",6.9200
"20040305",6.7950
"20040304",6.8200
"20040303",6.5950
"20040302",6.8600
"20040301",6.7300
"20040227",6.5800
"20040226",6.3625
"20040225",6.7575
"20040224",6.5375
"20040223",6.4900
"20040220",6.6075
"20040219",6.6175
"20040218",6.8200
"20040217",6.6400
"20040216",6.5350
"20040213",6.5625
"20040212",6.5400
"20040211",6.2850
"20040210",6.4350
"20040209",6.3450
"20040206",6.0950
"20040205",6.1400
"20040204",6.0800
"20040203",6.1750
"20040202",6.2050
"20040130",6.2250
"20040129",6.5350
"20040128",6.5400
"20040127",6.2400
"20040126",6.2450
"20040123",6.3450
"20040122",6.2600
"20040121",6.3000
"20040120",6.3900
"20040119",6.3350
"20040116",6.2050
"20040115",6.3150
"20040114",6.5450
"20040113",6.6150
"20040112",6.6500
"20040109",6.2450
"20040108",6.2000
"20040107",6.2150
"20040106",6.2800
"20040105",5.9750
"20040102",5.9850
"20031231",5.9650
"20031230",5.9100
"20031229",5.8600
"20031224",5.7200
"20031223",5.6850
"20031222",5.7250
"20031219",5.6650
"20031218",5.7000
"20031217",5.6300
"20031216",5.6600
"20031215",5.5550
"20031212",5.6200
"20031211",5.5400
"20031210",5.6050
"20031209",5.5400
"20031208",5.5050
"20031205",5.4150
"20031204",5.4400
"20031203",5.4700
"20031202",5.4600
"20031201",5.3600
"20031128",5.3500
"20031127",5.3400
"20031126",5.3000
"20031125",5.2100
"20031124",5.2400
"20031121",5.2350
"20031120",5.2650
"20031119",5.3200
"20031118",5.2050
"20031117",5.3850
"20031114",5.3000
"20031113",5.3200
"20031112",5.0750
"20031111",5.0600
"20031110",5.0300
"20031107",4.9650
"20031106",4.9550
"20031105",5.0075
"20031104",4.9325
"20031103",5.0600
"20031031",5.1350
"20031030",5.1850
"20031029",5.0925
"20031028",5.1500
"20031027",5.1250
"20031024",5.1475
"20031023",5.1450
"20031022",5.0800
"20031021",5.0000
"20031020",4.9150
"20031017",4.9200
"20031016",4.9100
"20031015",4.9050
"20031014",4.9400
"20031013",4.8850
"20031010",4.8550
"20031009",4.8150
"20031008",4.8900
"20031007",4.8400
"20031006",4.8350
"20031003",5.0800
"20031002",5.0750
"20031001",5.1250
"20030930",5.1150
"20030929",5.1250
"20030926",5.1900
"20030925",5.3175
"20030924",5.2250
"20030923",5.2550
"20030922",5.3100
"20030919",5.2000
"20030918",5.3000
"20030917",5.1600
"20030916",5.1650
"20030915",5.1550
"20030912",5.3150
"20030911",5.2250
"20030910",5.2100
"20030909",5.1350
"20030908",5.0950
"20030905",5.0000
"20030904",5.0150
"20030903",4.9750
"20030902",5.1100
"20030901",5.1550
"20030829",5.1050
"20030828",5.0900
"20030827",4.9950
"20030826",4.9500
"20030822",4.9300
"20030821",4.9850
"20030820",4.9950
"20030819",4.9200
"20030818",4.9150
"20030815",5.0150
"20030814",5.0400
"20030813",4.8700
"20030812",4.9800
"20030811",4.9800
"20030808",5.0500
"20030807",4.9350
"20030806",4.9300
"20030805",4.9800
"20030804",5.0350
"20030801",5.1200
"20030731",5.0800
"20030730",5.1000
"20030729",5.0200
"20030728",5.0800
"20030725",5.0150
"20030724",5.0600
"20030723",4.8325
"20030722",4.7525
"20030721",4.7300
"20030718",4.6600
"20030717",4.6800
"20030716",4.6700
"20030715",4.7800
"20030714",4.7950
"20030711",4.7550
"20030710",4.8250
"20030709",4.7400
"20030708",4.6900
"20030707",4.6550
"20030704",4.6550
"20030703",4.6250
"20030702",4.5750
"20030701",4.5550
"20030630",4.5050
"20030627",4.5250
"20030626",4.5300
"20030625",4.5050
"20030624",4.5400
"20030623",4.5300
"20030620",4.5550
"20030619",4.5225
"20030618",4.5700
"20030617",4.6150
"20030616",4.5900
"20030613",4.5100
"20030612",4.4950
"20030611",4.4825
"20030610",4.5100
"20030609",4.5200
"20030606",4.5300
"20030605",4.4800
"20030604",4.5200
"20030603",4.5150
"20030602",4.5000
"20030530",4.5600
"20030529",4.6100
"20030528",4.5900
"20030527",4.6825
"20030523",4.6750
"20030522",4.7150
"20030521",4.7400
"20030520",4.8400
"20030519",4.8300
"20030516",4.7900
"20030515",4.8650
"20030514",4.8150
"20030513",4.8350
"20030512",4.7900
"20030509",4.7800
"20030508",4.7250
"20030507",4.7600
"20030506",4.7950
"20030502",4.7500
"20030501",4.6600
"20030430",4.6050
"20030429",4.5550
"20030428",4.6250
"20030425",4.6200
"20030424",4.6050
"20030423",4.5650
"20030422",4.5425
"20030417",4.4800
"20030416",4.4900
"20030415",4.5150
"20030414",4.4800
"20030411",4.4650
"20030410",4.4700
"20030409",4.4750
"20030408",4.4200
"20030407",4.3850
"20030404",4.3900
"20030403",4.3700
"20030402",4.3950
"20030401",4.4375
"20030331",4.4600
"20030328",4.3850
"20030327",4.4075
"20030326",4.3800
"20030325",4.3950
"20030324",4.3775
"20030321",4.4025
"20030320",4.4050
"20030319",4.4800
"20030318",4.4700
"20030317",4.5700
"20030314",4.5400
"20030313",4.5850
"20030312",4.6650
"20030311",4.6550
"20030310",4.6750
"20030307",4.6675
"20030306",4.6300
"20030305",4.6575
"20030304",4.6775
"20030303",4.6100
"20030228",4.5950
"20030227",4.6500
"20030226",4.6250
"20030225",4.6975
"20030224",4.6750
"20030221",4.6375
"20030220",4.6400
"20030219",4.5775
"20030218",4.5100
"20030217",4.4925
"20030214",4.5300
"20030213",4.5225
"20030212",4.5650
"20030211",4.5725
"20030210",4.6500
"20030207",4.7100
"20030206",4.7750
"20030205",4.9275
"20030204",4.8500
"20030203",4.8450
"20030131",4.8725
"20030130",4.7850
"20030129",4.8500
"20030128",4.8000
"20030127",4.9050
"20030124",4.7800
"20030123",4.8500
"20030122",4.8250
"20030121",4.7600
"20030120",4.7850
"20030117",4.8125
"20030116",4.7700
"20030115",4.7325
"20030114",4.8100
"20030113",4.8200
"20030110",4.8400
"20030109",4.8325
"20030108",4.7750
"20030107",4.8400
"20030106",4.9100
"20030103",4.7850
"20030102",4.7400
"20021231",4.6650
"20021230",4.7200
"20021227",4.6700
"20021224",4.6150
"20021223",4.6250
"20021220",4.6650
"20021219",4.7200
"20021218",4.6200
"20021217",4.7250
"20021216",4.7000
"20021213",4.7425
"20021212",4.6500
"20021211",4.6250
"20021210",4.5800
"20021209",4.6250
"20021206",4.6525
"20021205",4.6150
"20021204",4.5700
"20021203",4.4425
"20021202",4.4300
"20021129",4.4300
"20021128",4.4300
"20021127",4.4400
"20021126",4.4700
"20021125",4.5000
"20021122",4.4600
"20021121",4.5350
"20021120",4.5450
"20021119",4.5500
"20021118",4.5400
"20021115",4.5500
"20021114",4.5550
"20021113",4.5725
"20021112",4.5650
"20021111",4.5300
"20021108",4.5875
"20021107",4.5025
"20021106",4.4700
"20021105",4.5000
"20021104",4.4500
"20021101",4.5450
"20021031",4.4750
"20021030",4.4775
"20021029",4.4300
"20021028",4.4200
"20021025",4.3750
"20021024",4.3900
"20021023",4.4100
"20021022",4.3775
"20021021",4.3750
"20021018",4.3400
"20021017",4.3550
"20021016",4.3150
"20021015",4.3050
"20021014",4.3325
"20021011",4.2950
"20021010",4.3450
"20021009",4.3550
"20021008",4.4400
"20021007",4.4850
"20021004",4.4750
"20021003",4.4875
"20021002",4.4850
"20021001",4.5225
"20020930",4.5325
"20020927",4.5100
"20020926",4.5550
"20020925",4.6200
"20020924",4.6250
"20020923",4.6375
"20020920",4.6200
"20020919",4.6475
"20020918",4.5800
"20020917",4.5500
"20020916",4.5450
"20020913",4.5900
"20020912",4.5475
"20020911",4.5300
"20020910",4.5400
"20020909",4.5350
"20020906",4.5300
"20020905",4.5050
"20020904",4.4650
"20020903",4.4850
"20020902",4.4700
"20020830",4.5650
"20020829",4.4950
"20020828",4.5000
"20020827",4.4400
"20020823",4.4400
"20020822",4.4200
"20020821",4.4400
"20020820",4.4350
"20020819",4.4975
"20020816",4.5050
"20020815",4.4850
"20020814",4.6300
"20020813",4.6000
"20020812",4.7050
"20020809",4.6300
"20020808",4.6800
"20020807",4.6400
"20020806",4.6050
"20020805",4.6200
"20020802",4.6250
"20020801",4.5400
"20020731",4.6600
"20020730",4.6600
"20020729",4.6500
"20020726",4.8250
"20020725",4.8600
"20020724",4.8600
"20020723",4.9875
"20020722",5.0500
"20020719",5.0100
"20020718",4.9950
"20020717",5.0000
"20020716",5.0975
"20020715",5.0450
"20020712",5.0600
"20020711",5.0200
"20020710",5.0425
"20020709",4.9650
"20020708",4.9400
"20020705",4.9100
"20020704",4.9100
"20020703",4.9150
"20020702",4.8650
"20020701",4.8000
"20020628",4.8700
"20020627",4.8200
"20020626",4.8800
"20020625",4.8500
"20020624",4.9050
"20020621",4.8800
"20020620",4.8600
"20020619",4.8950
"20020618",4.8450
"20020617",4.8200
"20020614",4.8900
"20020613",4.8650
"20020612",4.8800
"20020611",4.8900
"20020610",4.9400
"20020607",5.0075
"20020606",4.9350
"20020605",5.0500
"20020531",5.0450
"20020530",4.9050
"20020529",4.9100
"20020528",4.8200
"20020527",4.7700
"20020524",4.8550
"20020523",4.7750
"20020522",4.8200
"20020521",4.7850
"20020520",4.6600
"20020517",4.6400
"20020516",4.6350
"20020515",4.6000
"20020514",4.6150
"20020513",4.6900
"20020510",4.6225
"20020509",4.5600
"20020508",4.6200
"20020507",4.6200
"20020503",4.5650
"20020502",4.5200
"20020501",4.5400
"20020430",4.6000
"20020429",4.6350
"20020426",4.6200
"20020425",4.5900
"20020424",4.5825
"20020423",4.5250
"20020422",4.5400
"20020419",4.5025
"20020418",4.4600
"20020417",4.4450
"20020416",4.4600
"20020415",4.5800
"20020412",4.5650
"20020411",4.6150
"20020410",4.5550
"20020409",4.5650
"20020408",4.5575
"20020405",4.6150
"20020404",4.6125
"20020403",4.7000
"20020402",4.6650
"20020328",4.6750
"20020327",4.6420
"20020326",4.5625
"20020325",4.5350
"20020322",4.5050
"20020321",4.5125
"20020320",4.5150
"20020319",4.5075
"20020318",4.4850
"20020315",4.4850
"20020314",4.5425
"20020313",4.5025
"20020312",4.4925
"20020311",4.5300
"20020308",4.4850
"20020307",4.4800
"20020306",4.5250
"20020305",4.5700
"20020304",4.5975
"20020301",4.4950
"20020228",4.4350
"20020227",4.4500
"20020226",4.3750
"20020225",4.3950
"20020222",4.4450
"20020221",4.4050
"20020220",4.4950
"20020219",4.5150
"20020218",4.5450
"20020215",4.5800
"20020214",4.5100
"20020213",4.4400
"20020212",4.3875
"20020211",4.4000
"20020208",4.3800
"20020207",4.3650
"20020206",4.4750
"20020205",4.3000
"20020204",4.3000
"20020201",4.2475
"20020131",4.2750
"20020130",4.2950
"20020129",4.2350
"20020128",4.2850
"20020125",4.3325
"20020124",4.2925
"20020123",4.2975
"20020122",4.3400
"20020121",4.3550
"20020118",4.4125
"20020117",4.5650
"20020116",4.6700
"20020115",4.5550
"20020114",4.6675
"20020111",4.7600
"20020110",4.8450
"20020109",4.7500
"20020108",4.7700
"20020107",4.7150
"20020104",4.6800
"20020103",4.6300
"20020102",4.5900
"20011231",4.5200
"20011228",4.5000
"20011227",4.5400
"20011224",4.5400
"20011221",4.5200
"20011220",4.3850
"20011219",4.4900
"20011218",4.4400
"20011217",4.3850
"20011214",4.3600
"20011213",4.2700
"20011212",4.2900
"20011211",4.2450
"20011210",4.2350
"20011207",4.2700
"20011206",4.2200
"20011205",4.1450
"20011204",4.2075
"20011203",4.1800
"20011130",4.1400
"20011129",4.1375
"20011128",4.0900
"20011127",4.0700
"20011126",4.0700
"20011123",4.0950
"20011122",4.0650
"20011121",4.0650
"20011120",4.0800
"20011119",4.1100
"20011116",4.1175
"20011115",4.1100
"20011114",4.1800
"20011113",4.1125
"20011112",4.1500
"20011109",4.1050
"20011108",4.1300
"20011107",4.1450
"20011106",4.1250
"20011105",4.1250
"20011102",4.2200
"20011101",4.2350
"20011031",4.2750
"20011030",4.2875
"20011029",4.2150
"20011026",4.2050
"20011025",4.1900
"20011024",4.2450
"20011023",4.2250
"20011022",4.2350
"20011019",4.2400
"20011018",4.3450
"20011017",4.3750
"20011016",4.3550
"20011015",4.4200
"20011012",4.4200
"20011011",4.4150
"20011010",4.4875
"20011009",4.6300
"20011008",4.6450
"20011005",4.6450
"20011004",4.6100
"20011003",4.5875
"20011002",4.5950
"20011001",4.5800
"20010928",4.5850
"20010927",4.5450
"20010926",4.5525
"20010925",4.5200
"20010924",4.5075
"20010921",4.6000
"20010920",4.6200
"20010919",4.4650
"20010918",4.3650
"20010917",4.2900
"20010914",4.2700
"20010913",4.2150
"20010912",4.2200
"20010911",4.1800
"20010910",4.1800
"20010907",4.1850
"20010906",4.1800
"20010905",4.1900
"20010904",4.1750
"20010903",4.1950
"20010831",4.2000
"20010830",4.2025
"20010829",4.2100
"20010828",4.2100
"20010824",4.2200
"20010823",4.1950
"20010822",4.2050
"20010821",4.1650
"20010820",4.2400
"20010817",4.2150
"20010816",4.1700
"20010815",4.2300
"20010814",4.1600
"20010813",4.1750
"20010810",4.2200
"20010809",4.1550
"20010808",4.1550
"20010807",4.1400
"20010806",4.2200
"20010803",4.2400
"20010802",4.2325
"20010801",4.2400
"20010731",4.2150
"20010730",4.2250
"20010727",4.2500
"20010726",4.2400
"20010725",4.2400
"20010724",4.2600
"20010723",4.2575
"20010720",4.2200
"20010719",4.2700
"20010718",4.2400
"20010717",4.2200
"20010716",4.3100
"20010713",4.2525
"20010712",4.2600
"20010711",4.2550
"20010710",4.2650
"20010709",4.2650
"20010706",4.2250
"20010705",4.2600
"20010704",4.2700
"20010703",4.2900
"20010702",4.3050
"20010629",4.3350
"20010628",4.3050
"20010627",4.3525
"20010626",4.3000
"20010625",4.3200
"20010622",4.3350
"20010621",4.3500
"20010620",4.4000
"20010619",4.4300
"20010618",4.3750
"20010615",4.4500
"20010614",4.3975
"20010613",4.3850
"20010612",4.3325
"20010611",4.3600
"20010608",4.3450
"20010607",4.3350
"20010606",4.3600
"20010605",4.3475
"20010604",4.4050
"20010601",4.3950
"20010531",4.4250
"20010530",4.5125
"20010529",4.5200
"20010525",4.5675
"20010524",4.6250
"20010523",4.5200
"20010522",4.5150
"20010521",4.5850
"20010518",4.4500
"20010517",4.4200
"20010516",4.3350
"20010515",4.3400
"20010514",4.3400
"20010511",4.3450
"20010510",4.3950
"20010509",4.3225
"20010508",4.3250
"20010504",4.3600
"20010503",4.3850
"20010502",4.3850
"20010501",4.3375
"20010430",4.3650
"20010427",4.4000
"20010426",4.3800
"20010425",4.4350
"20010424",4.4300
"20010423",4.4200
"20010420",4.4300
"20010419",4.3750
"20010418",4.3250
"20010417",4.4050
"20010412",4.3650
"20010411",4.3300
"20010410",4.3250
"20010409",4.3500
"20010406",4.3500
"20010405",4.3450
"20010404",4.3250
"20010403",4.3250
"20010402",4.2950
"20010330",4.3300
"20010329",4.3600
"20010328",4.4275
"20010327",4.3650
"20010326",4.3500
"20010323",4.3450
"20010322",4.3400
"20010321",4.3350
"20010320",4.3350
"20010319",4.3250
"20010316",4.3500
"20010315",4.4200
"20010314",4.4500
"20010313",4.4150
"20010312",4.5100
"20010309",4.5050
"20010308",4.4600
"20010307",4.4200
"20010306",4.4200
"20010305",4.4000
"20010302",4.4200
"20010301",4.5100
"20010228",4.4300
"20010227",4.4625
"20010226",4.4350
"20010223",4.4500
"20010222",4.4250
"20010221",4.4200
"20010220",4.4975
"20010219",4.4950
"20010216",4.5000
"20010215",4.5150
"20010214",4.5500
"20010213",4.5700
"20010212",4.5550
"20010209",4.5700
"20010208",4.5800
"20010207",4.6300
"20010206",4.6600
"20010205",4.7200
"20010202",4.7450
"20010201",4.7975
"20010131",4.7900
"20010130",4.7975
"20010129",4.7850
"20010126",4.7850
"20010125",4.7775
"20010124",4.7650
"20010123",4.8050
"20010122",4.7750
"20010119",4.8200
"20010118",4.7250
"20010117",4.6675
"20010116",4.6050
"20010115",4.6000
"20010112",4.5600
"20010111",4.5450
"20010110",4.5300
"20010109",4.5500
"20010108",4.5700
"20010105",4.5200
"20010104",4.4950
"20010103",4.5250
"20010102",4.5900
"20001229",4.5750
"20001228",4.5950
"20001227",4.6300
"20001222",4.6000
"20001221",4.6050
"20001220",4.6100
"20001219",4.5700
"20001218",4.5750
"20001215",4.6100
"20001214",4.6375
"20001213",4.6500
"20001212",4.6600
"20001211",4.6600
"20001208",4.7100
"20001207",4.7450
"20001206",4.7100
"20001205",4.6925
"20001204",4.6650
"20001201",4.6850
"20001130",4.6300
"20001129",4.6950
"20001128",4.6925
"20001127",4.6200
"20001124",4.6150
"20001123",4.6200
"20001122",4.6200
"20001121",4.6475
"20001120",4.6450
"20001117",4.6525
"20001116",4.6700
"20001115",4.6600
"20001114",4.6625
"20001113",4.6700
"20001110",4.7250
"20001109",4.7225
"20001108",4.7150
"20001107",4.7400
"20001106",4.7300
"20001103",4.7100
"20001102",4.7500
"20001101",4.7500
"20001031",4.7400
"20001030",4.7550
"20001027",4.7175
"20001026",4.7500
"20001025",4.7800
"20001024",4.7800
"20001023",4.8300
"20001020",4.8150
"20001019",4.8300
"20001018",4.8400
"20001017",4.8450
"20001016",4.8600
"20001013",4.8825
"20001012",4.8525
"20001011",4.8850
"20001010",4.8650
"20001009",4.8600
"20001006",4.8550
"20001005",4.8750
"20001004",4.8850
"20001003",4.8800
"20001002",4.8825
"20000929",4.8875
"20000928",4.9375
"20000927",4.9000
"20000926",4.8975
"20000925",4.8925
"20000922",4.8825
"20000921",4.8200
"20000920",4.8550
"20000919",4.8475
"20000918",4.8550
"20000915",4.8675
"20000914",4.8650
"20000913",4.8800
"20000912",4.8550
"20000911",4.8650
"20000908",4.8900
"20000907",4.9100
"20000906",4.9500
"20000905",4.9425
"20000904",4.9550
"20000901",4.9400
"20000831",4.9100
"20000830",4.8925
"20000829",4.8850
"20000825",4.8600
"20000824",4.7600
"20000823",4.8100
"20000822",4.8275
"20000821",4.8350
"20000818",4.8525
"20000817",4.8700
"20000816",4.8450
"20000815",4.8650
"20000814",4.9100
"20000811",4.9000
"20000810",4.8750
"20000809",4.8700
"20000808",4.9250
"20000807",4.9200
"20000804",4.9475
"20000803",4.9575
"20000802",4.9600
"20000801",4.9775
"20000731",4.9500
"20000728",4.9500
"20000727",4.9350
"20000726",4.9650
"20000725",4.9200
"20000724",4.9250
"20000721",4.9875
"20000720",4.9600
"20000719",4.9900
"20000718",5.0150
"20000717",5.0050
"20000714",4.9600
"20000713",4.9550
"20000712",4.9550
"20000711",4.9750
"20000710",4.9750
"20000707",4.9850
"20000706",4.9700
"20000705",4.9900
"20000704",4.9900
"20000703",4.9950
"20000630",5.0175
"20000629",4.9775
"20000628",4.9350
"20000627",4.9550
"20000626",4.9400
"20000623",4.9550
"20000622",4.9300
"20000621",5.0200
"20000620",4.9900
"20000619",5.0400
"20000616",5.0500
"20000615",5.0600
"20000614",4.9950
"20000613",5.0875
"20000612",5.0100
"20000609",5.0350
"20000608",5.0550
"20000607",5.0450
"20000606",5.0050
"20000605",5.0300
"20000602",4.9100
"20000601",4.8950
"20000531",4.9000
"20000530",4.9400
"20000526",4.9150
"20000525",4.9675
"20000524",4.9800
"20000523",4.9950
"20000522",4.9775
"20000519",4.9800
"20000518",4.9650
"20000517",5.0400
"20000516",5.0050
"20000515",4.9900
"20000512",4.9700
"20000511",5.0000
"20000510",5.0250
"20000509",4.9900
"20000508",4.9850
"20000505",5.0750
"20000504",5.0000
"20000503",5.0000
"20000502",5.0050
"20000428",4.9375
"20000427",4.9750
"20000426",4.9700
"20000425",4.9600
"20000420",5.0950
"20000419",5.1025
"20000418",5.0850
"20000417",5.1350
"20000414",5.1300
"20000413",5.1000
"20000412",5.0950
"20000411",5.1175
"20000410",5.0800
"20000407",5.0850
"20000406",5.0950
"20000405",5.1100
"20000404",4.9900
"20000403",5.0400
"20000331",4.9350
"20000330",4.9400
"20000329",5.0500
"20000328",5.0650
"20000327",5.0900
"20000324",5.0800
"20000323",5.1050
"20000322",5.1300
"20000321",5.0350
"20000320",5.0650
"20000317",5.0600
"20000316",5.1150
"20000315",5.0800
"20000314",5.0800
"20000313",5.0925
"20000310",5.1100
"20000309",5.0500
"20000308",5.0650
"20000307",5.0500
"20000306",5.0900
"20000303",5.0200
"20000302",5.0350
"20000301",5.1250
"20000229",5.0950
"20000228",5.0775
"20000225",5.1500
"20000224",5.2200
"20000223",5.2550
"20000222",5.2400
"20000221",5.2400
"20000218",5.2300
"20000217",5.2850
"20000216",5.2300
"20000215",5.2400
"20000214",5.2350
"20000211",5.3600
"20000210",5.3600
"20000209",5.3625
"20000208",5.2700
"20000207",5.4475
"20000204",5.2300
"20000203",5.2000
"20000202",5.2075
"20000201",5.2425
"20000131",5.2600
"20000128",5.3700
"20000127",5.2950
"20000126",5.2000
"20000125",5.2675
"20000124",5.2100
"20000121",5.1800
"20000120",5.1300
"20000119",5.1025
"20000118",5.1300
"20000117",5.1250
"20000114",5.0950
"20000113",5.0900
"20000112",5.1450
"20000111",5.1550
"20000110",5.1450
"20000107",5.1350
"20000106",5.1400
"20000105",5.2850
"20000104",5.3025
